TweetID,replyToTweet,fromUser,toUser,mentions,text,createdAt,latitude,longitude,Sentiment
2.63E+17,,247102965,,,Sandy can you come in hot #please #noschool,Sun Oct 28 19:08:57 +0000 2012,39.34658487,-76.62363498,1
2.63E+17,,838309267,,,Wegmans before Hurricane Sandy's storm effects. Wish it was this empty all the time.  Had plenty of food too! http://t.co/YGIkPz1e,Sun Oct 28 16:26:21 +0000 2012,38.851924,-77.347214,1
2.63E+17,,756132696,,,Thank you #hurricanesandy for making me walk to class in the rain,Mon Oct 29 13:54:52 +0000 2012,42.11123114,-77.94413317,0
2.63E+17,,243472700,,,Power has been out now for three hours in Hazlet @njdotcom #Sandy,Mon Oct 29 21:49:53 +0000 2012,40.43271647,-74.17019919,0
2.63E+17,,19210782,,,I'm at Frankenstorm Apocalypse - Hurricane Sandy w/ @gailie http://t.co/Svz3R7vF,Mon Oct 29 06:31:25 +0000 2012,40.78470082,-73.78692627,0
2.63E+17,2.63E+17,727039693,196795202,,@AustinMahone trying not to get blown away by hurricane sandy,Sun Oct 28 21:08:37 +0000 2012,41.02925353,-73.9511365,1
2.63E+17,,82671738,,,#Sandy is coming http://t.co/5yYY9cvZ,Mon Oct 29 19:03:32 +0000 2012,38.99148292,-77.0303912,0
2.64E+17,,24290627,,,Moving from #BK to #Manhattan  today @tylr with no power/heat/water.  Wish us luck. Send love to #Sandy victims it has been rough on many.,Thu Nov 01 13:50:38 +0000 2012,40.72690193,-73.95062828,1
2.63E+17,,185475435,,,I feel priviledged for living in an area that was not seriously affected by #hurricanesandy,Wed Oct 31 04:09:15 +0000 2012,39.86708745,-74.9775899,1
2.62E+17,,28934289,,,"Bring on the hurricane! Full tanks of gas, food, batteries, and plenty of Ketel One.  All set!",Sat Oct 27 23:44:18 +0000 2012,41.21025481,-73.20553673,1
2.64E+17,,550104184,,,If I ever buy a house on Staten Island I'm checking its flood zone first. #sandy,Wed Oct 31 05:33:44 +0000 2012,40.85911377,-73.84039319,1
2.65E+17,,346157396,,,watching Hurricane Sandy come together #SandyHelp,Sat Nov 03 00:59:20 +0000 2012,40.8297255,-73.07291785,-1
2.63E+17,,14142481,,,"Big take away from #Sandy is damn nature, you scary.",Tue Oct 30 18:35:19 +0000 2012,38.44735734,-75.05282574,-1
2.64E+17,,110731791,,,$1 for bag of #organic #citrus = #lunch post Hurricane Sandy. #OJ #Orange #juice #grapefruit  @ citrus party http://t.co/6cIiUG28,Thu Nov 01 17:12:11 +0000 2012,40.64564161,-73.97959571,0
2.72E+17,2.72E+17,393895898,47706795,,@DJUCH much respect on that #SandyRelief,Fri Nov 23 02:06:20 +0000 2012,40.56569268,-74.2722642,1
2.65E+17,,347332175,,,Sandy mess up my Fucking pay check kmt,Mon Nov 05 02:37:11 +0000 2012,41.7878491,-72.7539424,-1
2.64E+17,,127759080,,,So weird to see uptown fully functioning while it feels like the apocalypse downtown...o__o #hurricanesandy,Wed Oct 31 20:39:20 +0000 2012,40.749526,-73.9815723,-1
2.63E+17,,598834872,,,This storm is whack!,Mon Oct 29 23:47:13 +0000 2012,41.88417275,-72.6983176,-1
2.63E+17,,383379489,,,It look like a ghost town in downtown Baltimore.....#sandy,Mon Oct 29 20:58:14 +0000 2012,39.28755521,-76.62041327,-1
2.63E+17,,1533891,,,One last escape before #Sandy (@ The Grilled Oyster Company) http://t.co/id0Mxthn,Sun Oct 28 21:52:05 +0000 2012,39.04100613,-77.15707407,0
2.63E+17,,69248583,,,"[#macau #weather] Current Conditions: Light Rain, 23 CForecast: Tue - Scattered Thunderstorms/Wind. High: 26 Low: 21 Wed - Showers. H...",Tue Oct 30 13:00:25 +0000 2012,22.17,113.55,0
2.63E+17,,111697714,,,���@RachFinkk: I think I gained at least 5 pounds from all the food I ate this weekend #thankssandy�۝ I DON'T &amp; WONT HAVE POWER UNTIL FRIDAY,Wed Oct 31 00:45:58 +0000 2012,40.77261005,-73.98383405,-1
2.63E+17,,47189255,,,@jordfranks I'm fending off the bitch #sandy with beer and crappy tv. Lots of beer.,Mon Oct 29 22:06:32 +0000 2012,39.37524714,-76.53177358,1
2.62E+17,,59165638,,,Instead of panicking we should listen to The Boss and eat pecan sandies. Perhaps a little Edgar Winter later on. #Frankenstorm,Fri Oct 26 17:54:26 +0000 2012,38.86161729,-77.29668773,1
2.63E+17,,251959928,14813584,,@sheetz would you close because of the hurricane?,Mon Oct 29 17:22:29 +0000 2012,39.92030929,-76.71129643,0
2.63E+17,,33433812,,,About to lose power :[ #sandy #lic,Tue Oct 30 01:02:47 +0000 2012,40.74710848,-73.95656637,-1
2.62E+17,2.62E+17,169618039,182904668,,@Chef_MorganA @khudak9330 lmfaooo I can't take you hahaa!!! I'm hyped for this storm. Sandy aint got nothing on me ;),Fri Oct 26 23:55:18 +0000 2012,40.59223037,-73.92505718,1
2.38E+17,,493684594,,,Hudson PA Mon Aug 20th PM Forecast: TONIGHT Showers Likely Lo 55 TUESDAY Chance Of T-Storm Hi 79,Mon Aug 20 21:12:30 +0000 2012,41.2223,-75.8144,0
2.63E+17,,259143172,,,"If this hurricane makes me lose power and puts a damper on my Tuesday date night with Jax Teller, we're going to have a issue... #SOA",Mon Oct 29 04:51:40 +0000 2012,40.80311044,-77.90018596,-1
2.63E+17,,514434525,,,"#sandy plus the recession, high unemployment, and slow recovery in NJ had set us back about another 5-10 years...",Tue Oct 30 05:33:40 +0000 2012,40.20594,-74.08029,-1
2.63E+17,,45264004,,,"I'm at Hurricane Sandy NY '12 Preparation (Mineola, NY) w/ 4 others http://t.co/uDAOrTfs",Sun Oct 28 16:47:17 +0000 2012,40.74297646,-73.63631377,0
2.63E+17,,243394343,,,#drinksfordays #sandy @JLF_forever @mallory_racine @britneyy_lynn @dylancarnevale @datbullaaron  @jpmccabe7 http://t.co/o3SCaN0S,Sun Oct 28 22:40:10 +0000 2012,39.8628734,-75.39293374,0
2.63E+17,,339795948,,,#homealone #sandy   @ Willoughby&amp;Waverly http://t.co/XauJKKf0,Sun Oct 28 16:16:15 +0000 2012,40.69238,-73.96398,0
2.65E+17,,305914214,,,#SandyHelp xwt,Sat Nov 03 05:44:39 +0000 2012,40.58260871,-73.89570313,0
2.64E+17,2.64E+17,381821811,536382390,,@MarjaniKutti hurricane sandy blew my school to a pulp so no college all week =). Home alone smoking hookah WOOOO,Thu Nov 01 19:23:16 +0000 2012,40.93068781,-73.90174401,1
2.63E+17,,42788515,,,Post-hurricane Sandy debauchery. I don't have to work tomorrow. #hk #hellskitchen #newyorkcit @ Industry Bar http://t.co/fXsEFAxo,Wed Oct 31 02:58:24 +0000 2012,40.76421263,-73.98701743,1
2.63E+17,,24938360,,,Pasta Carbonara and a glass of vino for dinner!#HurricaneSandynight,Mon Oct 29 00:46:16 +0000 2012,40.7184,-73.83896,1
2.63E+17,,501963599,,,Post hurricane lunch. (@ Nonna) http://t.co/QOFgIxdh,Tue Oct 30 19:55:40 +0000 2012,40.78588315,-73.97245696,0
2.63E+17,,547264680,,,Finally CCSU cancels classes #hurricanesandy,Sun Oct 28 18:50:11 +0000 2012,41.69258572,-72.76627947,1
2.63E+17,,45264416,,,"I'm at Frankenstorm 2012 (Chevy Chase, MD) w/ 34 others http://t.co/VtxL4Ixf",Mon Oct 29 12:18:28 +0000 2012,38.91646562,-77.07398748,0
2.62E+17,,171251406,768543528,,"@johannacarden up and at 'em planning cast pictures, web page &amp; hunkering down in advance of the storm. Doing #WhateverItTakes. You Go Baby!",Fri Oct 26 14:22:23 +0000 2012,33.9464153,-118.3861975,1
2.63E+17,,364360025,,,When lipa calls to tell us to expect to not have power for 7-10 days&lt;&lt;&lt;&lt;&lt;&lt; #fuckme #fucksandy,Mon Oct 29 03:23:19 +0000 2012,40.6808115,-73.56902746,-1
2.63E+17,,22343885,,,Eagles game DURING A HURRICANE. FOOTBALL!!!!!! (@ Lincoln Financial Field w/ 305 others) http://t.co/lLbWYq32,Sun Oct 28 17:45:41 +0000 2012,39.9007489,-75.16749144,1
2.63E+17,,582885380,,,it's always a party at duane reade. glad #nyc is staying prepared and hydrated before #sandy. @ Duane Reade http://t.co/QdHuVShD,Mon Oct 29 20:45:59 +0000 2012,40.70652259,-74.00947988,1
2.66E+17,,84695123,,,"Hurricanes I the east, earthquakes on the west and republicans in the middle. Nowhere is safe.",Wed Nov 07 20:40:16 +0000 2012,40.75707158,-73.98702276,1
2.63E+17,,19324685,,,I'm hearing the worst flooding is in the inlet. Fire personnel say there were a number of water rescues last night. #sandynj,Tue Oct 30 11:51:49 +0000 2012,39.35525274,-74.44448314,0
2.76E+17,,248029003,,,"Some  of my friends on Twitter are no longer following and that's ok, but I'm really short of time to tweet due to Sandy and business impact",Mon Dec 03 12:31:44 +0000 2012,40.6733821,-73.7537954,-1
2.63E+17,,49654362,,,Sandy you may take my electricity but you won't take my Netflix!!!,Mon Oct 29 19:11:01 +0000 2012,40.21819036,-74.26220664,-1
2.29E+17,,11954102,,,There goes the neighborhood!  #lightning #storm  @ Studio1923 Photographic Artists http://t.co/K15uIH5W,Fri Jul 27 02:00:03 +0000 2012,41.552862,-72.635395,0
2.63E+17,,477929660,,,We officially lost power at 4:45. This will be our last storm without a generator #sonotkidding!,Mon Oct 29 21:17:04 +0000 2012,40.97056734,-73.75150897,-1
2.63E+17,,14767329,,,Tree falls onto College Park home: @CPFD: Starting to deal with #Sandy damage. Stay indoors and stay alert! http://t.co/x45xZeHg,Mon Oct 29 21:45:59 +0000 2012,39.20878611,-76.81640298,0
2.65E+17,,15783047,,,"Sent my Mom a volunteer opportunity with the childen's museum to help kids process #sandy  trauma. 38 years in special Ed, she can help!",Sat Nov 03 04:37:26 +0000 2012,40.82836835,-73.94332776,1
2.63E+17,,242139782,,,Sandy is breaking stuff outside and being loud so I can't stay asleep lol,Tue Oct 30 05:29:07 +0000 2012,40.27107723,-76.77588616,-1
2.63E+17,,467025234,,,"Attention floral park, sandy is approaching, mad trees falling down in this bitch, detours on detours on detours",Mon Oct 29 19:51:38 +0000 2012,40.72476088,-73.70807896,1
2.63E+17,,21359940,,,Going to sleep with one eye open. Will #Sandy pound Bellmore tomorrow? I'm hearing pressure at 950mb �_ber low...,Mon Oct 29 03:38:00 +0000 2012,40.65507268,-73.51970719,0
2.66E+17,,18153896,,,"Riding a train to Hoboken first time after Sandy... Many tracks are shuttered. Still, amazing it's in service.",Wed Nov 07 13:23:11 +0000 2012,40.73480954,-74.02770078,1
2.64E+17,,28001774,,,Let's see...Chuck E Cheese done. Can Frankenweenie be far behind? #daddypostsandy,Wed Oct 31 16:14:00 +0000 2012,40.63209135,-75.47597196,0
2.63E+17,,54938094,488738663,,@plew025 Please help. #onlytwohitsleft #frankenstorm,Mon Oct 29 16:26:51 +0000 2012,40.44271581,-74.41815712,-1
2.64E+17,,46231682,,,"Bridge Street Sag Harbor, Wednesday, October. 31st. Two days after Sandy residents are stil @ Sag Harbor, NY http://t.co/QOvKYZrI",Wed Oct 31 14:04:22 +0000 2012,41.00155291,-72.29538202,0
2.63E+17,,353475061,,,No power since 3 and everyone in the house is sleeping #sandy,Tue Oct 30 02:58:23 +0000 2012,41.41044925,-74.74250665,0
2.66E+17,,57025314,,,#snowstorm man these storms are killing me _��� that is why I want to be in India,Wed Nov 07 18:42:28 +0000 2012,40.84091507,-74.45226123,-1
2.62E+17,,116785566,,,"7pm fri WalMart had 2 loaves of bread, 1 bag of ice and 17 cans of soup. Come on Sandy!",Sat Oct 27 01:13:17 +0000 2012,38.47472177,-77.49465325,0
2.68E+17,2.68E+17,340606861,50453004,,"@fiddystyle .. Everyone thinks the hurricane collapsed it , but I actually just unleashed a sledge hammer onto it",Sun Nov 11 21:31:51 +0000 2012,40.92479554,-73.9391682,1
2.45E+17,,349721911,,,"State police troop a reporting trees coming down all over the place , the storm is in ct right now. 6:16 pm",Sat Sep 08 22:17:06 +0000 2012,41.56030607,-72.96890541,0
2.63E+17,,180241951,,,Not sure if that was there before. #sandy @ Sandy's Street of Terror http://t.co/McfspqzD,Mon Oct 29 21:28:44 +0000 2012,40.68717957,-73.96348572,-1
2.63E+17,,66798536,,,Yaay! No school again tomorrow! #Sandy #LittleKidTweet,Tue Oct 30 21:43:43 +0000 2012,40.14221986,-75.56366108,1
2.70E+17,,15674471,,,Rabbit meatballs #supperclubsforsandy  @ Studiofeast - Supperclubs For Sandy http://t.co/nVmMVDXs,Sun Nov 18 22:30:53 +0000 2012,40.70941,-73.947922,0
2.66E+17,,25224485,,,Lower East Side was flipped over. #Sandy Tuesday 10/30/12 4:00PM @ Lower East Side http://t.co/XwR7VFVW,Mon Nov 05 17:28:07 +0000 2012,40.71594005,-73.98682594,0
2.63E+17,,9621862,,,Riding out Frankenstorm at my parents. (@ Chamorro Grille) http://t.co/iRruRjWo,Mon Oct 29 14:47:07 +0000 2012,38.76488474,-76.83173251,0
2.63E+17,,462971492,,,Full Moon? storm surge? Halloween? Surfing WereWolves have been sighted in NYC. Impatiently waiting on Sandy.,Mon Oct 29 13:26:09 +0000 2012,41.749887,-72.725673,1
2.67E+17,,455373828,,,Just saw a guy trying to cut up a giant tree with a weed whacker. #HurricaneSandyProblems,Sat Nov 10 16:47:41 +0000 2012,41.3280852,-74.36224191,1
2.63E+17,,40760866,,,At least this time the hurricane came on a Monday amirite?,Tue Oct 30 02:36:23 +0000 2012,40.71540546,-73.99403381,1
2.64E+17,,365261017,,,skinner is on top of my shit-list #apbio #uhwhat #therewasahurricane,Thu Nov 01 01:38:39 +0000 2012,39.74570626,-75.22927373,0
2.65E+17,,44560972,,,Five darkest nights #downtown #manhattan #blackout #sandy  @ Brooklyn Bridge http://t.co/7Tq31iHD,Sat Nov 03 22:31:41 +0000 2012,40.70595327,-73.99656773,0
2.65E+17,,44560972,,,Chelsea apartment's facade blown off by Sandy  #sandy #aftermath @ Chelsea http://t.co/FMDwXY3u,Sat Nov 03 22:28:31 +0000 2012,40.74524216,-73.99894275,0
2.63E+17,,44560972,,,Power went off while watching The Day After Tomorrow #perfectstorm #armageddon #sandy @ Home http://t.co/G0HFLHmB,Tue Oct 30 00:31:40 +0000 2012,40.7268486,-74.00183105,-1
2.64E+17,2.64E+17,71872920,445636425,,@GordonGalloway1 thanks! Hope you are all doing ok #sandysucks,Fri Nov 02 01:12:58 +0000 2012,40.81247682,-74.16459261,1
2.64E+17,,18278018,,,#sandy #lightsout #nyc #candle #newsstand  @ Union Square Park http://t.co/OJZtKzZ4,Thu Nov 01 00:38:43 +0000 2012,40.7352825,-73.99040315,0
2.63E+17,,446778717,103444529,,@katieejameess why you be missin from the hurricane party #thefuck #PaceU #Sandy #ToMyFutureWife,Mon Oct 29 04:13:41 +0000 2012,40.70955671,-74.00400744,1
2.62E+17,,366182234,,,I'm certainly okay with no school Monday or Tuesday. #hurricanesandy #thankyaaaaaa,Sun Oct 28 01:51:03 +0000 2012,42.38985367,-71.08670499,1
2.63E+17,,178822218,,,Is Sandy really gunna be somethin serious the way they sayin it tho..?,Sun Oct 28 18:38:55 +0000 2012,40.92190877,-72.68977236,1
2.63E+17,,157199202,,,srsly my new #BFF small 'n' handy mini flashlight! onwards: re-thumb-thru old fave fic! #keepingitsimple #sandy #nyc x http://t.co/j0YLdMr7,Tue Oct 30 23:18:07 +0000 2012,40.74681,-73.97575,1
2.66E+17,,616448535,,,So not ready to be back in school #IMissMyHurricaneBreak,Mon Nov 05 21:23:32 +0000 2012,40.28080435,-74.73888354,-1
2.63E+17,,276638398,,,This morning it was bit different waking up to a hurricane instead of an alarm clock #Sandy,Mon Oct 29 12:44:44 +0000 2012,40.78232631,-74.29307091,1
2.62E+17,,40062611,,,���@NurseTeeta19: I'm not pleased. Screw you Sandy!!! ��Ӊ_����_��__��__��_ _ِ__ِ__ِ__ُ�_ُ�_ُ�_ِ__ِ__ِ_ http://t.co/7Z1hvk2I�۝ Think I'll enjoy this one from comfort of home,Thu Oct 25 17:07:40 +0000 2012,29.6222716,-82.37869352,-1
2.63E+17,,137712016,,,"���@WSJ: Gov. Christie: New Jersey residents will ""be taking the brunt of"" Hurricane #Sandy. http://t.co/aIwv8hqq�۝ safety to all my NJ peeps!",Mon Oct 29 06:03:06 +0000 2012,38.72798142,-77.17684908,0
2.63E+17,,55034682,,,Bring it on Sandy! #hurricanesandy #scorpions #bringit @ Arroway Chevrolet http://t.co/LwskILQj,Mon Oct 29 13:54:21 +0000 2012,41.21457279,-73.72103331,1
2.32E+17,,19242261,,,Drinking mimosas outside during an impending storm.,Sun Aug 05 21:51:04 +0000 2012,38.91534976,-77.02996239,1
2.63E+17,2.63E+17,471451032,322995134,,@JoeRedPeps perfect! Man I was looking for a weatherman I can rely on for up to date info! #Sandy #Hurricane #HurricaneSandy #weather #puppy,Sun Oct 28 22:38:05 +0000 2012,40.03642774,-75.23366935,1
2.67E+17,,20825718,,,Well never thought I'd have to do this but I applied for disaster unemployment today... #FUCKYOUSANDY _���,Fri Nov 09 02:03:26 +0000 2012,40.73370014,-73.5244114,-1
2.29E+17,,605672656,,,The storms r comin'.....,Fri Jul 27 00:00:53 +0000 2012,41.04047841,-74.02500255,0
2.63E+17,,808492,,,Wouldn't it be awesome if the hurricane blew all the leaves off my lawn?!?! This might not be so bad after all.,Mon Oct 29 03:19:05 +0000 2012,38.94998018,-77.01650399,1
2.69E+17,,25993469,,,"Republicans blame #Sandy for losing the election, now Democrats blaming Sandy for unemployment. What a joke.",Thu Nov 15 15:04:19 +0000 2012,38.9293869,-77.00592142,-1
2.49E+17,,28814728,,,A storms-a-comin'!!!! #storm #nj #darksky #nyc #rain #weather   @ NJ Turnpike Northern Division http://t.co/ub9cpEOF,Thu Sep 20 18:29:15 +0000 2012,40.7069569,-74.15178228,0
2.63E+17,,250418819,,,Cafe lines slightly longer than usual #manhattan #sandy http://t.co/JKb7Ld0N,Tue Oct 30 15:07:37 +0000 2012,40.76479502,-73.98391482,0
2.63E+17,,18445217,,,#sandy where do all the rats go?,Tue Oct 30 00:57:17 +0000 2012,41.32684629,-73.80385882,0
2.63E+17,2.63E+17,513179704,99615711,,"@AaronGwin1 #Sandy hittin me hard right now, #needabeer.",Tue Oct 30 02:32:09 +0000 2012,39.27789,-76.76944,-1
2.62E+17,2.62E+17,377577064,627926948,,"@AIMgettindatDOH stupid sandy! Haha, next weekend then?!",Sat Oct 27 22:19:32 +0000 2012,40.18348029,-75.05636199,1
2.73E+17,,59901303,199865799,,@Jared_Max Lets pray there isn't another hurricane for obvious reasons like you not being able to use that excuse again. GMAFB #GiantsLosses,Mon Nov 26 11:21:19 +0000 2012,39.9459106,-75.1559283,-1
2.63E+17,,286952449,,,Mama made me. #hurricanesandy @ Greenpoint http://t.co/wXgjtYcH,Mon Oct 29 19:22:23 +0000 2012,40.72335598,-73.94124985,0
2.63E+17,,63830577,,,Not even sandy can stop our grind! #TNDO #sandyinphilly,Mon Oct 29 16:25:49 +0000 2012,40.03898695,-75.15756927,1
2.63E+17,2.63E+17,318065983,254048768,,@robbieelliott3 keep up the good work Robbie currently I'm stuck in NYC #sandy #BikeForBobby,Tue Oct 30 19:30:26 +0000 2012,40.73911395,-73.88442848,1
2.62E+17,,309766981,,,Strong possibility that @chriistineeex0 and I will be drinking every week night due to #hurricanesandy _ٍ�_���_�ԍ,Sun Oct 28 01:05:01 +0000 2012,39.15212697,-76.86652587,1
2.63E+17,,20888463,,,"Braving the ""storm"" to make Noise in the Basement happen!  Tune in at 9pm (@ 98Rock (WIYY-FM)) http://t.co/cp8AIXZ8",Sun Oct 28 22:01:08 +0000 2012,39.33519364,-76.64959431,1
2.63E+17,,346338109,,,"#Sandy may just be proof that, like the rest of us, God thinks MTV's ""Jersey Shore"" sucks too. :) #fb",Mon Oct 29 11:31:13 +0000 2012,40.00326178,-75.75734417,1
2.63E+17,,599301387,,,- can this storm hurry the fxck up so i can get the fxck outta this house &amp;&amp; back to mines ! #lowpatience _��__���_���,Mon Oct 29 19:27:55 +0000 2012,39.81639077,-75.82472258,-1
2.63E+17,,19770816,,,"I'm at Frankenstormpocalypse 2012 (Washington, DC) w/ 665 others http://t.co/NUgWpHju",Mon Oct 29 18:20:48 +0000 2012,38.89388871,-77.03656197,0
2.69E+17,,561606523,,,3 weeks after the storm and there are still coffins hanging out of the ground! _���_���_��� http://t.co/PviDDNRr,Wed Nov 14 18:14:13 +0000 2012,38.03935666,-75.76447279,0
2.63E+17,,87477725,,,#StormPrep @ Westminster Arms Luxury Apartment Homes http://t.co/r2BXeq84,Mon Oct 29 16:06:00 +0000 2012,40.67362332,-74.21206292,0
2.63E+17,,47482268,,,Mom and grandma are cooking everything in the fridge #smellslikeheaven #foodfordays #Sandy,Mon Oct 29 16:42:02 +0000 2012,40.93626019,-74.12668648,1
2.63E+17,,84239427,,,���@_DatsWhyYouMad: Damn Sandy have New York flooded�۝ -- word,Tue Oct 30 03:55:47 +0000 2012,40.85117804,-73.93663314,0
2.63E+17,2.63E+17,356177148,732272155,,@__jaysocutee you should of got some before the storm came smh,Mon Oct 29 20:06:54 +0000 2012,39.1916897,-75.5690215,0
2.66E+17,,46849709,,,"""If President Obama wins, Hurricane Sandy will be a big reason."" - Bill O'Reilly #fauxnews  #wheredotheycomefrom",Wed Nov 07 01:10:13 +0000 2012,41.03813122,-73.52933089,-1
2.63E+17,,417488105,,,I wish I had someone to cuddle with during the storm... My bed is freezing and this wind is scary! #SingleGirlProblems,Tue Oct 30 02:59:01 +0000 2012,39.20561892,-74.84839113,1
2.29E+17,,66037236,,,Oh hey random storm ��Ӊ��_��_�_�  @ Camp Pocono Trails http://t.co/oQT9gKOV,Thu Jul 26 22:23:33 +0000 2012,40.98648664,-75.36777321,0
2.63E+17,,15949027,,,#hoboken #Sandy  water in the toilet is surging up and down. This can't be good,Tue Oct 30 02:17:34 +0000 2012,40.74422267,-74.03071291,-1
2.30E+17,,338453602,,,Ocean City MD Tue Jul 31st AM Forecast: TODAY Chance Of T-Storm Hi 85 TONIGHT Chance Of T-Storm Lo 71,Tue Jul 31 12:05:05 +0000 2012,38.3984,-75.0667,0
2.65E+17,,30263212,,,This is how we keep ourselves entertained. #sister #laptop #me #xbox #hurricanesandy @ Grand Ave http://t.co/rqjbF0o2,Fri Nov 02 23:01:22 +0000 2012,40.86441888,-73.99209066,1
2.62E+17,,254406656,,,Time to prep the house for sandy! #Frankenstorm,Sat Oct 27 12:54:59 +0000 2012,39.16761663,-74.7496684,0
2.63E+17,,362519641,,,This is starting to be a bored #hate #sandy,Mon Oct 29 21:45:17 +0000 2012,40.8191835,-73.90011256,-1
2.63E+17,,635873503,,,Sandy 's cuming my cable keep shutting off nd on she cuming hard ascell,Mon Oct 29 19:12:28 +0000 2012,40.50117373,-74.47666705,-1
2.63E+17,2.63E+17,900322628,272656814,,@PlayBoiMafia o ok I'm off #sandy,Tue Oct 30 14:55:35 +0000 2012,38.81462288,-77.1064764,0
2.64E+17,,18971873,,,Refugee dinner w/ our fabulous  hosts #sandystillsucks w/ @dgouger (@ Isabella's) http://t.co/e1roUtYt,Thu Nov 01 02:20:21 +0000 2012,40.78056889,-73.97647455,1
2.63E+17,,18971873,,,620am and it's dry &amp; still outside?? #hype #sandy #fb,Mon Oct 29 10:22:26 +0000 2012,40.74352819,-73.9859777,0
2.71E+17,2.71E+17,83398632,413684761,,@sandyboxx @trafiuddin #firstworldproblems,Tue Nov 20 04:11:40 +0000 2012,40.7196756,-73.7977164,0
2.34E+17,,360428172,,,Lionshead Lake NJ Sat Aug 11th PM Forecast: TONIGHT Chance Of T-Storm Lo 69 SUNDAY Chance Of T-Storm Hi 89,Sat Aug 11 21:07:17 +0000 2012,40.9484,-74.2449,0
2.64E+17,,30081846,,,"Me + @caityster = innovators of the year. Well, at least the hurricane. #MixologyWin  @ The Mark Hotel http://t.co/sWIumYIC",Thu Nov 01 05:27:01 +0000 2012,40.77518645,-73.96330163,1
2.63E+17,,193965809,,,And I'm still #RAGING #excusemewhileibuildmyark #rhondalucky #IUP #sandy,Tue Oct 30 06:34:03 +0000 2012,40.61858586,-79.16580826,-1
2.63E+17,,70469837,,,"I'm at Stormy Friday (Alexandria, VA) http://t.co/E7zC4nrM",Sun Oct 28 19:04:03 +0000 2012,38.84947284,-77.05517305,0
2.63E+17,,30220466,,,"I'm at Frankenstorm Apocalypse - Hurricane Sandy (New York, NY) w/ 2792 others http://t.co/2KVpHTIg",Mon Oct 29 19:37:35 +0000 2012,40.78911988,-73.79173279,0
2.34E+17,,493525413,,,Bear Creek Township PA Fri Aug 10th PM Forecast: TONIGHT Chance Of T-Storm Lo 65 SATURDAY Chance Of Showers Hi 81,Fri Aug 10 21:11:37 +0000 2012,41.2223,-75.8144,0
2.65E+17,2.65E+17,622176553,259832760,,@nicoleberes you know I want be there #fucksandy #sohardtogetgas,Sat Nov 03 05:00:13 +0000 2012,40.6665287,-74.30222702,-1
2.63E+17,2.63E+17,29294520,507936060,,@AnthonyCacioppo it seems you are weathering the hurricane well.,Mon Oct 29 23:51:42 +0000 2012,40.72324827,-73.98686214,1
2.62E+17,,127555259,,,I JUST WANNA SEE THE GAME!!!! I don't give a fuck about Connecticut. #NBC #RBNY #Sandy,Sat Oct 27 18:10:37 +0000 2012,40.71363641,-74.35189885,-1
2.63E+17,,907061784,,,"#cpstorm RT @camdencountynj ""CamCo has some reported power outages and Creek Road is closed due to localized flooding. #SandyNJ""",Mon Oct 29 13:10:29 +0000 2012,39.89298439,-75.06548691,0
2.62E+17,,39998497,,,#Cablevision  because of #Sandy you should really bring back @wpix . The public needs to be informed. Their weather forecast is spot on. RT,Fri Oct 26 12:07:48 +0000 2012,40.85404587,-74.60782623,0
2.38E+17,,354092174,,,Aspen Hill MD Mon Aug 20th PM Forecast: TONIGHT Showers And T-Storms Lo 61 TUESDAY Chance Of T-Storm Hi 85,Mon Aug 20 21:04:17 +0000 2012,39.0912,-77.0554,0
2.63E+17,,345694470,,,"Fuck This Hurricane Shit, Im Not Trying To Stay At My House For The Next Few Days _��� #Bullshit",Mon Oct 29 15:36:38 +0000 2012,40.35093149,-75.91150793,-1
2.63E+17,,24975656,,,"I don't think me, @katieli and @MarcSebastian could have watched any more '90s RomComs this hurricane. #Sandy",Tue Oct 30 06:00:15 +0000 2012,40.70845849,-73.92072734,0
2.80E+17,,313105319,,,SandyHook Security Policy | Newtown School Shooting | http://t.co/HBMTTltC Connecticut: http://t.co/b7DoDaDW,Fri Dec 14 18:05:13 +0000 2012,39.19174137,-77.24893998,0
2.63E+17,,382927858,,,#hurricanesandy  @ The Wreck Of The Binghamton http://t.co/j6Br2yPg,Mon Oct 29 14:46:41 +0000 2012,40.81962744,-73.97648028,0
2.62E+17,,275285048,,,Totally normal. Hurricane sandy http://t.co/hEedjs0W,Fri Oct 26 22:58:03 +0000 2012,28.20795,-80.597481,0
2.63E+17,,481766967,,,We're all set for Sandy! @ Home Sweet Home http://t.co/a8IlIgNh,Sun Oct 28 21:55:32 +0000 2012,40.75463104,-73.97351074,1
2.63E+17,,905901284,,,#surface come down to Walt Whitman Mall today to purchase your #surface before the storm comes #Surface http://t.co/olwQ3kgg,Sun Oct 28 13:52:04 +0000 2012,40.8228271,-73.4101364,0
2.45E+17,2.45E+17,250716872,55184723,,@SimplyAJ10 I'm sitting in pickles pub just waiting for these storms pass to see some #oriolesmagic,Sat Sep 08 21:50:54 +0000 2012,39.28546826,-76.62253744,1
2.63E+17,,96914360,,,"""@HuffPostMedia: One person New Yorkers will miss when #Sandy is over: Bloomberg's superstar sign language translator."": love her!",Tue Oct 30 03:02:49 +0000 2012,40.6299492,-73.92372043,1
2.26E+17,,269059494,,,Severe Thunderstorm Warning issued July 18 at 2:56PM EDT until July 18 at 4:00PM EDT by NWS http://t.co/afX7qRCx,Wed Jul 18 19:08:05 +0000 2012,40.81270815,-79.52756958,0
2.22E+17,,269059494,,,Severe Thunderstorm Warning issued July 07 at 4:29PM EDT until July 07 at 4:45PM EDT by NWS http://t.co/p9DezAWs,Sat Jul 07 20:38:02 +0000 2012,40.81270815,-79.52756958,0
2.63E+17,,758215448,,,Safe wishes for everyone! _���_��_���_�լ #HurricaneSandy,Mon Oct 29 05:19:12 +0000 2012,42.02106675,-72.81626844,1
2.63E+17,,15089910,,,No cars on Broadway at 10:30 at night. #nevereseenthatbefore #sandy #battendown @ 300 Mercer Street New York http://t.co/VIAHqsav,Mon Oct 29 02:36:42 +0000 2012,40.7299008,-73.99334747,0
2.63E+17,,16434321,15105989,,@weatherkim and @tomkierein tracking #sandydc on @nbcwashington http://t.co/bwDHqsXT,Mon Oct 29 13:16:07 +0000 2012,38.940028,-77.080417,0
2.65E+17,,16212000,,,Only waited 15 minutes for gas in Clifton. #sandy #newnormal #thankful,Mon Nov 05 13:28:22 +0000 2012,40.82573425,-74.13983711,1
2.63E+17,,50107969,,,Going up to the roof with Forrest Gump. #Sandy http://t.co/D4J21Xft,Mon Oct 29 23:10:59 +0000 2012,40.74665535,-73.98014571,0
2.64E+17,,15083859,,,#ligas #sandy anyone know any stations that still have gas. Lots of people still searching,Thu Nov 01 21:51:35 +0000 2012,40.81114,-73.173097,0
2.66E+17,,2743601,,,Heading to Rockaways - these guys are SUPER organized. So impressed #Sandy (@ Congregation Beth Elohim��_ w/ 2 others) http://t.co/HP2YU49d,Mon Nov 05 18:42:24 +0000 2012,40.67114029,-73.9744715,1
2.65E+17,,309469128,,,Brushing my teeth and peeing in the dark.... #postsandy #struggles I NEED POWER,Sun Nov 04 05:59:41 +0000 2012,40.78673144,-73.71589992,-1
2.63E+17,,21810805,,,#sandy watch continues  @ Warehouse 11 http://t.co/7g7oV9iQ,Mon Oct 29 17:03:49 +0000 2012,40.71875,-73.95334625,0
2.63E+17,,62909099,,,#sandy  @ Sugar Hill / Harlem http://t.co/zyH6oM2t,Tue Oct 30 15:16:35 +0000 2012,40.82824542,-73.94271853,0
2.34E+17,,12200482,,,Hiding from the rain w/ @sarahcrutcher (@ Hurricane Alley) http://t.co/LgcocV2Z,Sun Aug 12 00:39:59 +0000 2012,41.069533,-71.932409,0
2.63E+17,,573887659,,,Sitting at the Highlands waterfront. #Frankenstorm winds are making my car shake.,Mon Oct 29 12:08:10 +0000 2012,40.39596899,-73.98138458,0
2.66E+17,,632860537,,,Calm before another storm #blizzardNoreasrern2012 http://t.co/WYw9TGor,Mon Nov 05 21:48:35 +0000 2012,39.92680102,-75.07304118,0
2.63E+17,,371284885,,,After the storm @ West Harlem Piers Park http://t.co/chgfTtDX,Tue Oct 30 16:05:22 +0000 2012,40.81933059,-73.96110892,0
2.62E+17,,173974452,,,I have a feeling all sandy's going to be is all hype,Fri Oct 26 14:57:37 +0000 2012,40.27296619,-76.84893306,0
2.62E+17,2.62E+17,180256699,275215221,,@David_Boreanaz @Jim_Gardner Crap Crap Crap From The Jersey Tone It Down Sandy My House Is Still Under Repair From June 30 Derecho DeRoofed,Sat Oct 27 04:50:40 +0000 2012,39.4506655,-74.7285257,-1
2.63E+17,,834251012,,,Team #megamedia &amp; @MMEMGR made it to #virginia. #hurricanesandy has nothin on this #roadtrip #team! #nycbound #knicks http://t.co/M3QDZDtC,Mon Oct 29 05:48:00 +0000 2012,37.33276593,-77.43945633,1
2.63E+17,,359803399,,,Gotta say it's kinda creepy when adults say this storm is a once in a lifetime thing.,Sun Oct 28 22:30:30 +0000 2012,38.71466841,-77.78123665,-1
2.79E+17,,291753929,7713202,,@SpeakerBoehner Please act like POTUS. Cut up credit card. Unemployment or Sandy would require borrowing from China. Teach us conservatism.,Fri Dec 14 01:16:58 +0000 2012,39.40561552,-76.44410149,-1
2.63E+17,,341505946,,,Coastal areas opening up shelters for homeless during hurricane and tweeting about it. don't they know that the homeless prefer four square?,Sun Oct 28 21:08:37 +0000 2012,41.43531745,-75.14730806,-1
2.62E+17,,821885810,,,I don't think people are taking this storm seriously enough. It sounds Bad. How bad is it gonna be?,Fri Oct 26 10:13:48 +0000 2012,42.51201248,-76.34189606,-1
2.63E+17,2.63E+17,339344534,429496044,,@Chrismaurer10 that's because sandy picked up a few power transformers,Tue Oct 30 00:25:59 +0000 2012,40.66330208,-75.3584372,0
2.63E+17,,23432012,,,The underside of my next door neighbor's deck! #deck #sandy #frankenstorm #noreaster #s @ The Bruno Compound http://t.co/14MhS3vq,Tue Oct 30 13:54:18 +0000 2012,40.82283986,-73.80073403,0
2.63E+17,,353846716,,,And the office is officially closed #thatsafirst #frankenstorm #sandy,Mon Oct 29 11:02:30 +0000 2012,40.748788,-74.0320505,0
2.63E+17,,176655619,,,Wind finally died down enough to crack a window in here. Enjoying the fresh air. Still locked on to @WNYC radio coverage. #Sandy,Tue Oct 30 15:24:47 +0000 2012,40.68459143,-73.93340349,1
2.63E+17,,434237383,,,Bye bye power!! Going off the grid! #shotsfromsandy  @ 352 Bowery http://t.co/lYtsyf7T,Tue Oct 30 00:47:57 +0000 2012,40.7266655,-73.9916687,-1
2.63E+17,,17782888,,,Starting to get windy here in NYC! #Sandy,Sun Oct 28 23:06:09 +0000 2012,40.7455534,-74.00038411,0
2.63E+17,,33819202,,,A little bit of rain isn't holding me back from breakfast at Ihop #hurricane#sandy,Mon Oct 29 15:31:37 +0000 2012,38.8892234,-77.4182168,1
2.79E+17,,15279130,,,"Here we go! 12.12.12 Concert for Sandy Relief. I need a strong dose of Bruce tonight. We take care of our own, indeed. #JerseyStrong",Thu Dec 13 00:32:39 +0000 2012,40.82019398,-74.22094698,1
2.63E+17,,514887403,,,no winds no rain wooo this is one he'll of a storm,Mon Oct 29 21:52:52 +0000 2012,42.2262557,-72.67993655,1
2.63E+17,,170239278,,,RT @BBCBreaking: Crane hanging precariously beside skyscraper in New York City as Hurricane #Sandy approaches - PICTURE http://t.co/4VFB8IYv,Mon Oct 29 19:30:04 +0000 2012,39.9591907,-75.1672959,0
2.66E+17,,371904846,14230524,,@ladygaga I hope u help out your home town #hurricanesandy #nyc,Tue Nov 06 20:21:52 +0000 2012,40.98110992,-73.79954867,1
2.63E+17,,353403729,390589557,,@Bran_dough i live right by the ocean...my house gonna be gone on thanksgiving #oldhouse #sandy #homeownersinsurance,Mon Oct 29 17:41:19 +0000 2012,42.0864165,-76.8284185,-1
2.63E+17,,199540928,,,Reasons why I love America... Just went to the grocery store... Only things that are sold out- water &amp; beer. #priorities #hurricaneparties,Mon Oct 29 22:46:49 +0000 2012,38.9207897,-77.00240083,1
2.63E+17,,25030068,,,So about these hurricane festivities ...,Mon Oct 29 00:55:14 +0000 2012,40.61914902,-74.09064754,1
2.64E+17,,20218409,,,RT @BHPhotoVideo We wish our friends @adorama and the rest of Downtown Manhattan a speedy &amp; safe recovery f/ the effects of Hurricane Sandy.,Wed Oct 31 21:42:45 +0000 2012,39.043683,-77.165359,1
2.63E+17,,55245519,,,First casualty of Hurricane #Sandy: low-carb dieting! (@ Food Emporium w/ 3 others) [pic]: http://t.co/rVQBlSqN,Sun Oct 28 16:34:24 +0000 2012,40.77635229,-73.95578885,1
2.71E+17,2.71E+17,192180058,149346219,,@BigJoeBastardi hey wasn't their a winter storm a few February's ago that retrograded into the central jersey coast ? Kinda similiar to Sand,Wed Nov 21 04:22:22 +0000 2012,39.82974442,-74.77840495,0
2.66E+17,,238004412,,,Thank you Sandy for putting me so far behind in school.... #hurricaneproblems,Mon Nov 05 20:53:24 +0000 2012,40.4469835,-75.3595174,-1
2.63E+17,,143466690,,,Thinks its time to get scared for this hurricane! The realisation has hit that its on its way! #americatimes,Mon Oct 29 00:10:35 +0000 2012,40.79439274,-74.47706412,-1
2.63E+17,,382342844,,,Me and @RealCptKirk are getting drunk tho #sandywho #fuckittho,Tue Oct 30 01:33:57 +0000 2012,39.94905688,-75.61339572,1
2.64E+17,,79325581,,,Bridge to darkness #nyc #sandy @ Waterfront Promenade http://t.co/xLznAsbW,Wed Oct 31 23:57:12 +0000 2012,40.72042906,-73.96418622,0
2.63E+17,,296612879,,,"I feel like the only things I've been doing today are either eating, sleeping, or doing homework #sandyyousuck",Mon Oct 29 22:19:25 +0000 2012,40.94786614,-74.33702638,-1
2.66E+17,,516070131,,,Oh and stay safe new jerseyians in the storm today_�ե #JerseyStrong,Wed Nov 07 12:41:49 +0000 2012,38.35062545,-75.57562833,1
2.63E+17,,454545632,,,Mane Sandy on some bullshit she not trying to knock the power out,Tue Oct 30 03:49:43 +0000 2012,39.34889412,-76.38188934,-1
2.66E+17,,16227947,,,"Hello, #snow storm. @ Baryshnikov Arts Center http://t.co/R8002jCm",Wed Nov 07 22:54:08 +0000 2012,40.75620572,-73.99719819,0
2.63E+17,,351724191,,,".@NYSEandG prez Mark S. Lynch claims #Sandy's aftermath more severe than Irene, delaying both assessment &amp; restoration processes. #Putnam",Tue Oct 30 19:55:00 +0000 2012,41.4503145,-73.649622,0
2.56E+17,,18476031,,,"Here I am, poopin like a hurricane",Tue Oct 09 18:28:58 +0000 2012,40.231709,-74.8956534,1
2.65E+17,,48443047,,,What was the rush to end the #Sandy benefit show?  More music = more donations!  Awesome 1 hr of tv.  #Grimm ???,Sat Nov 03 01:04:02 +0000 2012,39.80534954,-75.81663899,1
2.48E+17,,97751541,,,Muaaahahaha ���@HoeyJays: Get ready #PDX - Hurricane @sarakleiman makes landfall in one day.�۝,Tue Sep 18 23:27:21 +0000 2012,43.21270734,-77.42445633,0
2.64E+17,,8424862,,,"Sandy, Part 2 :The Wreckoning (@ Bogota Latin Bistro w/ 5 others) [pic]: http://t.co/MeEIPNhU",Thu Nov 01 18:56:04 +0000 2012,40.67824057,-73.97916628,0
2.67E+17,,159180079,,,Back to the best city in the world first time post sandy...  &lt;\3 ( holler @ me!) http://t.co/eDKdt9om,Sat Nov 10 16:36:33 +0000 2012,40.80514464,-73.939147,1
2.63E+17,,233322714,,,"""@APS_AJ: If your a ""Side Chick"" I bet your hating @AHurricaneSandy right now!"" rt..they all on f/b quoting bible scriptures!! Lls..#sandy",Mon Oct 29 15:47:23 +0000 2012,38.8301517,-76.9818896,1
2.66E+17,,30545876,,,Still cold #beer #nopower #sandy #fuckyousandy @ home http://t.co/tbQbiquU,Mon Nov 05 21:25:21 +0000 2012,40.25616837,-74.0019989,1
2.63E+17,,20138011,,,We are refugees from Manhattan on Long Island City! #sandy,Tue Oct 30 15:59:20 +0000 2012,40.7470568,-73.94239471,0
2.75E+17,,151173219,974155579,,"@nymediacares #hurricanesandy #reliefeffort #statenisland  #volunteer  @ Staten Island, NY http://t.co/1U50jrhF",Fri Nov 30 19:42:48 +0000 2012,40.60431501,-74.07113589,0
2.75E+17,,151173219,974155579,,"@nymediacares #hurricanesandy #reliefeffort #statenisland  #volunteer  @ Staten Island, NY http://t.co/uJh1G5Fo",Fri Nov 30 18:36:10 +0000 2012,40.60431501,-74.07113589,0
2.64E+17,,339177356,,,Listening to the good ol quiet storm...gotta love 96.3 at night,Fri Nov 02 04:00:15 +0000 2012,38.96534722,-76.83819444,0
2.63E+17,,242530356,,,Sandy wildin ugh,Mon Oct 29 23:25:15 +0000 2012,40.71931778,-74.19651586,0
2.62E+17,2.62E+17,372124823,108673244,,"@mz_anGELik What's it down there???  We have this Hurricane guna hit up here soon, that prob y it's warmer here",Sun Oct 28 01:42:57 +0000 2012,40.87783097,-73.00116777,1
2.63E+17,,577648510,,,Dam this storm is so crazyy!!,Mon Oct 29 17:35:34 +0000 2012,40.19972298,-75.23493267,-1
2.63E+17,,338593974,,,Sandys rippin,Mon Oct 29 14:14:16 +0000 2012,42.12343496,-72.66742962,0
2.34E+17,,356642056,,,West New York NJ Sat Aug 11th PM Forecast: TONIGHT Chance Of T-Storm Lo 71 SUNDAY Chance Of T-Storm Hi 89,Sat Aug 11 21:07:45 +0000 2012,40.7879,-74.0112,0
2.30E+17,,356642056,,,West New York NJ Sun Jul 29th AM Forecast: TODAY Chance Of T-Storm Hi 80 TONIGHT Chance Of T-Storm Lo 69,Sun Jul 29 12:07:08 +0000 2012,40.7879,-74.0112,0
2.63E+17,,320171898,,,Just passed a fleet of Asplundt trucks headed into the storm... As are we!!! @ Pennsylvania turnpike http://t.co/3RNVnAXx,Mon Oct 29 14:19:23 +0000 2012,39.9825665,-78.72338289,0
2.63E+17,,252220043,,,Sandy is dope classes already cancelled for Monday and Tuesday #prettysweet,Sun Oct 28 19:23:24 +0000 2012,38.97972509,-77.09866338,1
2.64E+17,,55623692,,,Lunch for the skeleton crew at the #Episcopal Church Center #nyc #sandy @ The Episcopal Church Center http://t.co/BogOb2R2,Wed Oct 31 17:31:55 +0000 2012,40.750764,-73.971624,0
2.63E+17,,342209334,,,Hurricanes= catching up on #Awkward @Beau_Mirchoff @BDavv @ashleyfans92 @JillianRoseReed @HiJessicaLu @mollytarlov,Sun Oct 28 22:15:16 +0000 2012,40.00302491,-75.06583957,0
2.63E+17,,491611862,,,Nice n cozy on Titi Linda's Big Bed _���_��__��� #bestcousins_��� #safefromsandy���_��_ #cuddlez #co @ Nostrand Gardens CO-OP http://t.co/QMn14vFK,Tue Oct 30 05:32:13 +0000 2012,40.593667,-73.939003,1
2.63E+17,,165812244,,,"Is it just me, or does anyone else want to start singing ""Stranded at a drive-in, branded a fool"" every time a reporter mentions #Sandy?",Mon Oct 29 19:09:01 +0000 2012,40.73730787,-74.00364566,1
2.64E+17,,351411726,,,Im glad to have my power back and all but now I'm more concerned about the gas situation and how I'm gonna get home... #seriouslysandy?,Thu Nov 01 15:59:33 +0000 2012,40.6625419,-73.7374312,-1
2.65E+17,,108208068,,,The post sandy subway situation makes me scared to leave work and head to the subway hole. #sosickofspendingmoneyoncabrides,Sat Nov 03 07:41:16 +0000 2012,40.7647837,-73.98339363,-1
2.29E+17,,351108678,,,Staten Island NY Sat Jul 28th AM Forecast: TODAY Chance Of T-Storm Hi 85 TONIGHT Chance Of T-Storm Lo 70,Sat Jul 28 12:08:50 +0000 2012,40.6308,-74.0923,0
2.63E+17,,376792220,,,Damn RT���@acarvin: Did u take that pic? RT @RajaAlthaibani: Lower East side of Manhattan now: http://t.co/vw5MYTxG  #HurricaneSandy�۝,Tue Oct 30 01:58:34 +0000 2012,41.41594049,-72.80826934,0
2.63E+17,,105810659,,,"#Sandy.  There is a big mass of thunderstorms heading NE towards #GreenfieldMA.  If we are going to get hit, that is the likely fist.",Tue Oct 30 00:32:31 +0000 2012,42.57506807,-72.5792887,0
2.64E+17,,102531923,,,"#nowplaying Brooklyn, Brooklyn Take Me In (I and Love and You) : Avett Brothers cc: @lindsaykordik #sandy #NYC #evacuees",Fri Nov 02 16:48:24 +0000 2012,40.71152434,-73.95388868,0
2.63E+17,,174565755,,,The only plans I have for the next two days at home are laying in my bed and watching rom coms and I don't hate it one bit #HurricaneSandy,Mon Oct 29 04:54:02 +0000 2012,40.98234267,-74.10786163,1
2.63E+17,,844708226,,,Have safe  night and beecareful with sandy,Sun Oct 28 19:47:50 +0000 2012,40.8265517,-73.8461618,1
2.63E+17,,9768432,,,Heavy rain all day and now wind really picking. Landfall now about hour or so in Wildwood Nj about 70 miles from here #HurricaneSandy,Mon Oct 29 20:24:06 +0000 2012,39.80872049,-74.90197168,0
2.63E+17,,278120110,,,Here in Collegeville just a light breeze and rain #SandyPA,Mon Oct 29 12:43:27 +0000 2012,40.1684474,-75.45653432,0
2.34E+17,,352557686,,,Spuyten Duyvil NY Fri Aug 10th PM Forecast: TONIGHT Chance Of T-Storm Lo 71 SATURDAY Showers Likely Hi 85,Fri Aug 10 21:09:39 +0000 2012,40.8822,-73.9053,0
2.26E+17,,352557686,,,Spuyten Duyvil NY Wed Jul 18th AM Forecast: TODAY Chance Of T-Storm Hi 95 TONIGHT Chance Of T-Storm Lo 75,Wed Jul 18 12:09:10 +0000 2012,40.8822,-73.9053,0
2.63E+17,,476348482,,,"After this sandy bitch is done, McDonald's better give me a fuckin interview...",Mon Oct 29 20:17:31 +0000 2012,39.47515869,-74.54109192,-1
2.64E+17,,27677204,,,Feeling like college Dan...shooting a show for BKVegan with my backup gear b/c all my cameras are locked in my midtown office #Sandy #D300,Fri Nov 02 01:02:24 +0000 2012,40.72014017,-73.9687507,0
2.63E+17,,160952169,,,"Ok, #ROC Remember when we could say, ""Yeah, the weather here kinda sucks, but at least we don't get hurricanes""?  That's over now.",Mon Oct 29 20:49:01 +0000 2012,43.19930426,-77.44403838,-1
2.75E+17,,114270788,,,"Bc the DJ needs time,the mix 2 our Sandysea-relief is aimed at December 8,how is that 4 u #vocalists? Add ur vocals: iselinmusic@gmail.com:)",Sun Dec 02 00:58:08 +0000 2012,40.79878224,-73.96651253,0
2.64E+17,,428552565,,,Bout to play manhunt on da westside.!! Lol #sandycantholdmebk,Thu Nov 01 00:02:10 +0000 2012,40.64350485,-74.26394332,1
2.75E+17,,242176823,,,#sandy  @ Sea Bright Beach http://t.co/ljPgblAw,Sun Dec 02 20:11:22 +0000 2012,40.36180962,-73.97289316,0
2.63E+17,,272276207,20522831,,@LansReporter tree down on Hancock just south of church in #lansdale police on scene #Sandy,Mon Oct 29 18:04:44 +0000 2012,40.23021803,-75.27898619,0
2.63E+17,,201584413,,,Wish I had two women trapped in this hurricane with me... Can't think of anything else id rather be doin right now than #gettindirty,Mon Oct 29 23:52:39 +0000 2012,39.9537182,-76.74817832,1
2.65E+17,,106174768,,,Just donated- I know everyone i know has 10 bucks do it #SandyHelp,Sat Nov 03 00:50:05 +0000 2012,40.80226802,-74.06140605,1
2.63E+17,,40792262,,,"���@KevinHart4real: My prayers go out to all of the families on the east coast that were affected by Hurricane ""Sandy""�۝",Tue Oct 30 20:28:20 +0000 2012,39.36231916,-76.77804949,1
2.63E+17,,221195915,,,After #sandy treat. #diner #icecream @ brooklyn http://t.co/1ViAGbCV,Tue Oct 30 19:57:19 +0000 2012,40.6579361,-73.92839813,0
2.65E+17,,28588592,,,"���@brooklynvegan: L Train ""still flooded wall to wall and floor to ceiling"" -Joe Loda  #sandy #subway #update�۝ my stomach hurts.",Sat Nov 03 14:55:57 +0000 2012,40.72489982,-73.94199888,-1
2.63E+17,,17443840,,,Working from home today because of #Sandy ? Do it right &amp; be effective http://t.co/33GQZo6p,Mon Oct 29 11:30:31 +0000 2012,40.70759455,-74.00803038,0
2.41E+17,,379168614,,,Hurricane isaac in new orleans  ish!!,Tue Aug 28 22:40:28 +0000 2012,39.10361295,-77.52734011,0
2.63E+17,,830357124,,,I honestly dont think this hurricane thing will do anything,Sun Oct 28 18:15:13 +0000 2012,40.744737,-73.915465,0
2.63E+17,2.63E+17,497456984,95005657,,@lil_guido2000 Center wind is closer to 100..have already had 70mph gust on east coast... It will be #Hurricane when it hits NJ in less 4hr,Mon Oct 29 18:39:01 +0000 2012,41.22439369,-75.94281623,0
2.63E+17,,30009416,,,Now that that's over where's this hurricane,Sun Oct 28 23:51:33 +0000 2012,40.67757045,-73.98157022,0
2.62E+17,,48701733,,,Calm before the storm  #photoaday #hurricane  @ best buy oxford valley http://t.co/DPauZRyI,Sat Oct 27 11:06:09 +0000 2012,40.1876814,-74.8696741,0
2.63E+17,,20117313,,,"Internet is out for the second time today for me here in Suffolk County. Still have electricity, though. #Sandy",Mon Oct 29 17:23:00 +0000 2012,40.82513123,-73.09468408,0
2.66E+17,2.66E+17,37691230,80094297,,@DeionSanders prime time an inspiration to all #brilliant give us people in jersey some words of wisdom when dealing with hurricane sandy,Tue Nov 06 00:22:51 +0000 2012,40.82890376,-74.76949202,1
2.24E+17,,360430234,,,Packanack Lake NJ Sat Jul 14th PM Forecast: TONIGHT Chance Of T-Storm Lo 71 SUNDAY Chance Of T-Storm Hi 89,Sat Jul 14 21:07:23 +0000 2012,40.9484,-74.2449,0
2.23E+17,,360430234,,,Packanack Lake NJ Tue Jul 10th AM Forecast: TODAY Chance Of T-Storm Hi 89 TONIGHT Chance Of T-Storm Lo 65,Tue Jul 10 12:11:27 +0000 2012,40.9484,-74.2449,0
2.63E+17,2.63E+17,14568123,15844566,,@wmconstantine Storm of the Century,Tue Oct 30 01:02:14 +0000 2012,41.65040521,-72.75839897,0
2.63E+17,,364445596,,,The Statue of Liberty as seen from near Battery Park. #sandy #hurricanesandy  @ Battery Park City http://t.co/0MZy2IXX,Mon Oct 29 18:12:02 +0000 2012,40.715153,-74.01645637,0
2.63E+17,,139378230,,,Morning after #marthasvineyard #sandy #nofilter  @ Beach On Lagoon Pond http://t.co/RcS1RhKO,Tue Oct 30 11:53:25 +0000 2012,41.44663971,-70.57916337,0
2.51E+17,,154011790,,,I hate thunderstorms they scare me .. time to pray for my life n go to bed cuz that sounded way to close,Thu Sep 27 03:00:13 +0000 2012,38.8532791,-77.3108898,-1
2.63E+17,,192398420,,,Family Dollar Linden already feeling Hurricane Sandys power an it's still miles off the coast! http://t.co/JPaZ2VG6,Mon Oct 29 13:54:32 +0000 2012,40.649618,-74.241299,0
2.63E+17,2.63E+17,809326896,280029421,,"@teresa_casero halloween here in NJ/NY will be good. Also, #Sandy gave a scary atmosphere so...",Tue Oct 30 21:32:37 +0000 2012,40.78839595,-74.04331318,1
2.62E+17,,129627321,,,Oh geez south plainfield emergency management called the house about #hurricanesandy #shitsgettinreal,Fri Oct 26 19:55:48 +0000 2012,40.59538833,-74.42205959,-1
2.65E+17,,117226256,,,"The boys have gathered an impressive amount of toys, books and clothes to donate to kids that lost theirs. #ilovemyboys #Sandy #recovery",Sat Nov 03 16:10:32 +0000 2012,40.69114127,-73.95463717,1
2.80E+17,,631806159,,,#Bringback those 2O innocent children and 6 teacher that lost their life today! #PrayersForConnecticut #SandyHook #PrayersForNewton,Fri Dec 14 23:22:30 +0000 2012,40.68015,-73.89488,-1
2.63E+17,,301653730,,,Cheers Sandy _ٍ�,Mon Oct 29 18:57:44 +0000 2012,40.04459015,-76.30743628,1
2.64E+17,,52227407,,,"When In Doubt,Throw it out! #Sandy",Thu Nov 01 15:44:40 +0000 2012,40.6742019,-73.355144,1
2.63E+17,,284160474,,,": Storm surge between 4 and 8 feet is possible, National Weather Service says. http://t.co/RYKFuZsG",Sun Oct 28 19:43:57 +0000 2012,38.39294039,-81.60138959,0
2.29E+17,,249817404,,,SEVERE THUNDERSTORM WARNING FOR... SOUTHEASTERN CARROLL COUNTY IN EAST CENTRAL OHIO... NORTHEASTERN HARRISON COUNTY... http://t.co/OwMYXEvc,Thu Jul 26 22:05:18 +0000 2012,40.44120212,-79.99783592,0
2.62E+17,,360785044,,,My house is open folks  have pool table. Ping pong. Dart board card table roulette table Craps table and a generator COME GET ME SANDY,Fri Oct 26 23:19:22 +0000 2012,39.74605414,-74.23971885,1
2.63E+17,,724485866,,,Sandy has officially left the building. Na na na na. Na na na na. Hey. Hey. Hey. GOODBYE! #FUCKOUTTAHERE,Tue Oct 30 02:48:48 +0000 2012,40.6327918,-73.9676418,1
2.63E+17,,724485866,,,#PakistaniHurricaneNames HURRICANE NARGIS,Mon Oct 29 19:30:47 +0000 2012,40.6327918,-73.9676418,0
2.63E+17,,59005571,,,Powers out and it's a bit scary listening to the wind outside! _���_���#hurricanesandy,Mon Oct 29 21:37:40 +0000 2012,41.21084177,-73.09931827,-1
2.65E+17,,64424594,23436608,,@tideloadsofhope #newjersery #laundry #sandy @ Lowe's Home Improvement http://t.co/B9Xt959Q,Sun Nov 04 14:25:31 +0000 2012,40.29675308,-74.05610855,0
2.64E+17,,1135,,,Beer Blackout IV #sandy ��� Drinking an Old Heathen Imperial Stout by @weyerbacher @ Gryffinpour  ��� http://t.co/w2Vc2e87,Thu Nov 01 23:58:10 +0000 2012,40.531,-74.6009,1
2.63E+17,,104642200,,,Serious dilemma. How does one smoke outside in a hurricane. Feels like I'll be madd #uncomfy. FML.,Mon Oct 29 13:57:24 +0000 2012,39.7901863,-75.171927,-1
2.64E+17,,460696771,361582671,,@jackieeg123 I can't believe I'm missing the CMA's. #fuckyousandy,Fri Nov 02 01:45:30 +0000 2012,41.4617218,-73.5606437,-1
2.63E+17,,33583142,,,Rawk me like a hurricane. Durp...,Sun Oct 28 22:47:07 +0000 2012,39.2997791,-76.6151222,1
2.66E+17,,500340487,,,"Just a hunch, but something tells me this might have something to do with #NJ being one big pile of storm debris: http://t.co/x70dt29e",Tue Nov 06 01:39:09 +0000 2012,38.83395552,-77.20193623,0
2.63E+17,,15928807,,,Ok just to weired that they decided to air the hurricane episode of #familyguy for the 1030 episode,Tue Oct 30 02:34:19 +0000 2012,38.2448979,-78.4401267,-1
2.63E+17,,260869404,,,It's 5 o'clock somewhere and that somewhere is here... Monday Funday #hurricaneParty,Mon Oct 29 21:07:46 +0000 2012,41.35616654,-73.76649354,1
2.63E+17,,177055121,,,Sandy goes hard,Tue Oct 30 01:40:32 +0000 2012,41.2059597,-73.1326577,0
2.66E+17,,146539101,,,"#Sandy they should impose 10 gallon minimum on gas, it would move the lines faster and be less confusing than even odd plates.",Mon Nov 05 17:28:40 +0000 2012,41.5727076,-73.8216908,0
2.63E+17,,78942179,,,"���@NHLFlyers: The Flyers hope our fans and everyone affected remain safe as we wait out Hurricane Sandy.�۝ Thx, hope hockey is back soon!!",Mon Oct 29 21:32:35 +0000 2012,39.89256921,-75.00239201,1
2.63E+17,,67796451,,,"#sandy clean-up  We were lucky  @ Tuckerton, NJ http://t.co/SdvuByut",Tue Oct 30 17:45:52 +0000 2012,39.58278728,-74.34521551,1
2.63E+17,,596892153,,,going to get hurricane supplies ... If any store has anything left,Sun Oct 28 13:39:59 +0000 2012,39.40215605,-76.59784554,-1
2.66E+17,,112811307,,,"All out of milk, water &amp; chicken at the Stop &amp; Shop. But thank goodness I was able to stock up on sweet potatoes &amp; lettuce before the storm.",Tue Nov 06 22:03:17 +0000 2012,41.01293666,-74.3619814,1
2.63E+17,,31047450,,,So far no big deal woke me up but not a big deal just stay this way #sandy,Mon Oct 29 09:28:53 +0000 2012,40.36829706,-74.88696109,1
2.62E+17,,229335980,,,#TWC journalist just said she has seen one model showing 40 feet of snow ... I'm assuming she meant inches. #Sandy #oppsy #pawx,Sun Oct 28 04:03:38 +0000 2012,41.9800476,-76.53576437,0
2.63E+17,,246083066,,,My current view of pre- #sandy. Wish I had video of the man attempting to use an umbrella - exercise in futility. http://t.co/dPMxxLDv,Mon Oct 29 19:13:04 +0000 2012,39.285446,-76.618763,0
2.63E+17,2.63E+17,240905445,262895437,,@ThomasTMoney Hurricane Sandy has landed. Had to drive around 2 trees that had fallen down and she's not even in New York yet #Stressed,Mon Oct 29 20:50:53 +0000 2012,42.41587229,-76.66815427,-1
2.63E+17,,169176364,,,I hope Bestbuy Calls within an Hour! To tell me I'm off ! Kuz imma be beefin if I have to work during the storm and get cought in the storm.,Mon Oct 29 12:18:29 +0000 2012,38.8396888,-77.057867,-1
2.66E+17,2.66E+17,367544287,473459901,,@mattaacuz WAIT WE HAVE ANOTHER STORM ON THE WAY,Thu Nov 08 01:41:09 +0000 2012,42.8324388,-73.77727211,-1
2.50E+17,,85636450,,,"[WATCH] Upd Msg #6, Tropical Storm - Miriam, E Pacific Ocean, Winds 45 kt, Gusts 55 kt, reported by NWS. http://t.co/YeLF5Zo7 #fb",Sun Sep 23 09:16:29 +0000 2012,15.3,-108.8,0
2.66E+17,2.66E+17,556595958,198753892,,@AllieCialeo @kookaraba @rachaelefff I'm literally about to have Taco Bell... #5starmeals #takeout #stillnopower #fuckme #fuckyousandy,Tue Nov 06 03:38:56 +0000 2012,40.67663147,-73.58100073,-1
1.30E+17,,111605659,,,"WINTER STORM WARNING 5-9"" OF SNOW WITH UP TO 12"" IN THE HIGHEST ELEVATIONS. THE DEEPER VALLEYS AREAS WILL SEE 3 TO 5"" http://t.co/TsjGdHoE",Sat Oct 29 12:22:35 +0000 2011,41.975006,-76.520958,0
2.65E+17,,135371003,,,New gas announcement. #nogas #needgas #instagram #njgas #igers #sandy  @ New Jersey http://t.co/K1GS5FBr,Sat Nov 03 00:23:29 +0000 2012,41.05772545,-74.18140764,0
2.63E+17,,73416126,,,Sandy prep (@ Rowayton Fire Department) http://t.co/I5uWbybb,Mon Oct 29 16:18:30 +0000 2012,41.06851935,-73.44322431,0
2.63E+17,,456194643,,,My neighbors are blowing leaved off their lawns There is a hurricane coming they are either going to end up back on your lawn or a tree will,Sun Oct 28 14:48:15 +0000 2012,40.7980247,-74.47699679,1
2.63E+17,,612948272,,,Can't wait for sandy to come to dyckman for we could run a train on Dat ass,Tue Oct 30 01:35:55 +0000 2012,40.77582579,-73.98631081,1
2.63E+17,,320222309,,,Yoga pants more like hurricane sandy pants #neverchanging,Mon Oct 29 19:49:19 +0000 2012,39.9860265,-75.1555844,0
2.63E+17,,19106822,,,Roving out this evening.. lot busier on the streets. No power below 32st from where I could see #Sandy http://t.co/3GUDGHVB,Tue Oct 30 22:57:19 +0000 2012,40.76421552,-73.98876772,0
2.65E+17,2.64E+17,24542802,462539471,,@rissgiammarino I miss you tooo! How's your house and everything flyer the storm?,Fri Nov 02 23:13:08 +0000 2012,40.61874623,-74.12756053,1
2.62E+17,,15243519,,,Hurricane prep#2: stock up on Israeli wine and whiskey (@ Skyview Wines and Spirits) http://t.co/HlAtOZ6m,Sat Oct 27 22:20:30 +0000 2012,40.906465,-73.904696,0
2.55E+17,,306439716,,,Rainstorm sounds on the roof of a gothic church #rainysunday #nyc   @ Fifth Avenue Presbyterian Church http://t.co/MS1evO9U,Mon Oct 08 01:04:39 +0000 2012,40.76199975,-73.97560358,0
2.63E+17,,25077036,,,Frankenstorm: day 3. Sangria. @ Upper West Side Abode http://t.co/IiJaE1M7,Tue Oct 30 21:29:21 +0000 2012,40.79703522,-73.96537147,1
2.65E+17,,46034108,,,#INGNYCM is now cancelled. Feel kinda bad having come out here for business reasons. #helpSandy,Fri Nov 02 23:27:01 +0000 2012,40.75747525,-74.00118337,-1
2.63E+17,,26388972,,,#skull #ice #awesome #sandy #hurricane #snowday #tweegram #timburton #billmurray #moviemara @ Camp Northstar http://t.co/y2a9FKyz,Mon Oct 29 17:02:49 +0000 2012,39.88898849,-75.29705811,1
2.65E+17,,19620435,,,"Turn on NBC and watch this devastation.  Here in CT, we were inconvenienced. NY &amp; NJ had life-altering chaos. #SandyHelp",Sat Nov 03 00:48:17 +0000 2012,41.30651977,-73.25648243,-1
2.62E+17,,52903,,,The only time I visit http://t.co/gBs5Vc61 is when I'm going to the beach or a deadly hurricane is headed my way.,Sat Oct 27 07:27:28 +0000 2012,40.71297511,-73.94121868,1
2.63E+17,,343955525,,,Yo this is crazy now I have no choice but to stay at work because of this dumb as weather. Fuck hurricane sandy tha... http://t.co/UYmlAoLO,Sun Oct 28 12:21:47 +0000 2012,40.74547248,-73.98145049,-1
2.63E+17,,71637118,,,Mittens is collecting items for the storm victims in Ohio that the Red Cross doesn't need! He didn't mention how he thought FEMA was doing?,Tue Oct 30 19:31:10 +0000 2012,43.0142318,-75.0515199,0
2.63E+17,,21626015,,,Deserted. #hurricane  @ Frankenstorm Apocalypse - Hurricane Sandy http://t.co/p8v2w2bk,Mon Oct 29 19:35:53 +0000 2012,40.78911988,-73.79173279,0
2.66E+17,,360182412,,,The @weatherchannel is now naming winter storms...stop. Really.,Thu Nov 08 04:22:21 +0000 2012,40.41403551,-74.37306186,-1
2.63E+17,,282635746,,,"I'm at Hurricane Sandy (Valley Stream, NY) w/ 15 others http://t.co/C2RMeXK9",Mon Oct 29 22:58:31 +0000 2012,40.71302478,-73.73895673,0
2.63E+17,,174544224,,,Going to play football with my boys #sandy,Tue Oct 30 18:29:58 +0000 2012,39.23318594,-76.5097323,0
2.45E+17,,360420757,,,"Severe Thunderstorm Warning issued for Linden Hill, NY http://t.co/mJHMeLw2",Sat Sep 08 21:15:08 +0000 2012,40.7686,-73.8271,0
2.63E+17,,80987410,,,Feeling the house shake from Sandy on the third floor.,Mon Oct 29 22:05:41 +0000 2012,41.32868475,-72.97096769,-1
2.62E+17,,18151582,,,"Remember when NYC flooded last year? RT @MarketWatch: NYC may evacuate 375,000 ahead of Hurricane Sandy http://t.co/GGCe4Aya",Sat Oct 27 15:58:07 +0000 2012,41.29108047,-75.87210083,0
2.66E+17,2.66E+17,450203173,227707612,,@BobVanDillen all about ratings.   Read article down 18.5% YOY before Sandy.,Wed Nov 07 14:16:33 +0000 2012,40.2691824,-76.8868362,0
2.63E+17,,30539671,,,Aye These Sandy Jokes Getting Lame ... Sit Y'all Hoe Asses Down.,Mon Oct 29 22:59:12 +0000 2012,38.96661996,-76.49310724,-1
2.63E+17,,265596515,,,Fucking hurricane Sandy I have no power this sucks ass! i feel like I'm back in Miami durin @ Betty's Corner http://t.co/8YOGOOKX,Mon Oct 29 22:35:55 +0000 2012,40.80601883,-74.00545502,-1
2.62E+17,,474238735,,,GREAT DAY TO CHANGE UP YOUR SEASONAL LOOK_��� Wet suits and surf boards this weekend LET'S PARTY SANDY,Sat Oct 27 12:13:07 +0000 2012,38.81295789,-77.14342076,1
2.63E+17,,255510189,,,...HIGH WIND EXPECTED FOR MONDAY AND TUESDAY... .POST TROPICAL STORM SANDY WILL INTERACT WITH A COLD UPPER LOW AND... http://t.co/7Lp0a3do,Mon Oct 29 02:19:17 +0000 2012,39.86093698,-79.45375519,0
2.63E+17,,280593615,,,Stuart Weitzman has their entire front window boarded up from top to bottom #SaveTheShoes #frankenstorm,Sun Oct 28 14:09:24 +0000 2012,40.78191238,-73.98067715,0
2.63E+17,,85865867,,,���@daracooks: @stevemhii I'm following you back.  Love #ProStart great program.  Stay well and dry during #Frankenstorm�۝ thanks &amp;u stay safe2,Mon Oct 29 16:07:00 +0000 2012,39.29890208,-76.65326977,1
2.65E+17,,31267415,,,"three day long headache. if i die from carbon monoxide poisoning tonight, give all my clothes the hurricane sandy victims.",Mon Nov 05 01:57:14 +0000 2012,40.44368006,-79.89546099,-1
2.63E+17,,501893628,,,#sandy is blowin down my windows and making her way to my heart,Mon Oct 29 17:09:20 +0000 2012,40.76374307,-73.91753473,1
2.63E+17,,412088393,444641509,,"@andorweb American TV, Twitter and Facebook cover well what's going on here -you only have to be without power blackout to check it #Sandy",Tue Oct 30 02:46:11 +0000 2012,39.94000156,-75.17311125,-1
2.63E+17,,18531226,,,"I'm at Frankenstorm Apocalypse Warning (Scarsdale, NY) http://t.co/y3HQ63UA",Sun Oct 28 16:54:34 +0000 2012,41.02439862,-73.61250505,0
2.63E+17,,24012888,,,Good press conference by Malloy. His point about the storm possibly sticking around for four high-tide cycles is scary.,Sun Oct 28 22:16:29 +0000 2012,41.52899047,-72.80554501,-1
2.63E+17,,14148620,,,Woke up early. Heading out to survey damage. Crazy storm. Hope everyone is ok out there! #Sandy #superstorm,Tue Oct 30 10:28:28 +0000 2012,40.72414892,-74.26630924,1
2.63E+17,,476274145,,,Wow... #HurricaneSandy http://t.co/WWYzuR2z,Mon Oct 29 20:10:53 +0000 2012,40.77779216,-74.4025627,0
2.67E+17,,68734580,,,Volunteers clearing debris from Community Ctr in Hoboken #Sandy http://t.co/hhVGhbS3,Fri Nov 09 16:32:14 +0000 2012,40.74031837,-74.03545414,0
2.36E+17,,216398543,,,Watching the storm roll in. (@ Northern Indian Restaurant w/ 2 others) [pic]: http://t.co/pOBLTsYY,Wed Aug 15 23:48:50 +0000 2012,41.35455072,-72.09587785,0
2.63E+17,,54905741,,,Morning after #hurricanesandy. Crane still there. http://t.co/00tCB8R2,Tue Oct 30 14:42:46 +0000 2012,40.763412,-73.981903,0
2.63E+17,2.63E+17,65709071,17150022,,@kbeninato @marilynm Nooo! My wife makes the best meatloaf. I do agree about the performer. Lol. #HurricaneSandy,Sun Oct 28 16:20:43 +0000 2012,40.85419909,-73.02557353,1
2.63E+17,2.62E+17,228864875,364217289,,wow @AHurricaneSandy - u are kind of hilarious #Frankenstorm,Mon Oct 29 02:37:44 +0000 2012,39.93469541,-75.17487046,1
2.24E+17,,492879600,,,West Chester PA Fri Jul 13th PM Forecast: TONIGHT Scattered Showers Lo 69 SATURDAY Chance Of T-Storm Hi 85,Fri Jul 13 21:17:51 +0000 2012,39.9842,-75.6084,0
2.63E+17,,494399173,,,"I say a pressure drop, oh pressure - oh yeah, pressure drop-a-drop on you. #Sandyinphilly",Mon Oct 29 15:28:29 +0000 2012,39.94317886,-75.17795177,1
2.63E+17,,249963619,,,I plan on sleeping through this storm. Wake me up when it's over.,Mon Oct 29 17:28:07 +0000 2012,40.9251485,-73.015449,0
2.64E+17,,74893533,,,I went to Wegman's yesterday and it was sad to see the long lines for hot food and power outlets! So many people devastated! #StormSandy,Wed Oct 31 08:01:50 +0000 2012,40.2956074,-74.0833971,-1
2.63E+17,,42567679,,,"Sounds like sirens going up Military Road in Chevy Chase, DC. #SANDYDC",Sun Oct 28 23:28:56 +0000 2012,38.95833788,-77.06873007,0
2.64E+17,2.64E+17,398721554,257688155,,@CapitolRomance safe travels to u too!! I hope Sandy didnt ruin anything for u! Hopefully this cabin we're going to is still in one piece!,Fri Nov 02 14:28:12 +0000 2012,39.31834629,-77.49870089,1
2.63E+17,,16477772,,,"Hurricane, shmurricane! Gray's Papaya- OPEN! #hurricane #sandy #frankenstorm #uws #nyc @ Gray's Papaya http://t.co/uHCseql3",Mon Oct 29 14:25:01 +0000 2012,40.77836415,-73.98163319,1
2.70E+17,,18944490,,,"Drying out 86-year-old newspaper in the Rockaways post #sandy @ Roxbury, NY http://t.co/nconLad1",Sat Nov 17 17:34:06 +0000 2012,40.56642653,-73.89216247,0
2.63E+17,,74431032,,,I hope @dothat327 &amp; @majormagic stocked up for the storm #sandy @ The Fresh Grocer http://t.co/nAM0YOf2,Sun Oct 28 20:13:02 +0000 2012,39.95440438,-75.20285904,0
2.63E+17,,15029929,,,Packed house post-Sandy. (@ Life Time Fitness w/ 3 others) http://t.co/10NzCojg,Tue Oct 30 18:18:08 +0000 2012,39.00095,-77.45775,0
2.63E+17,2.63E+17,150799092,86021318,,@LelandBChapman thanks Leland we need all the prayers we can get right now. This storm is crazy! Mother nature is pissed off!,Mon Oct 29 11:27:33 +0000 2012,38.22766334,-75.45988704,-1
2.71E+17,,8036712,,,My brother and dad #aftermath #sandy #springlake @ Spring Lake Boardwalk http://t.co/ZlUUdVx3,Tue Nov 20 22:02:25 +0000 2012,40.16280798,-74.01878604,0
2.63E+17,,22943064,,,"OK, not gonna lie. These wind gusts are getting pretty gnarly and scary now. #SandyVA",Mon Oct 29 20:55:03 +0000 2012,38.74904056,-77.17189835,-1
2.64E+17,,586107607,,,Refugees leaving the house in search of sustenance and electricity #adventuretime #survivingsandy,Thu Nov 01 17:46:25 +0000 2012,40.50677427,-74.48551484,-1
2.63E+17,,19237920,,,Zone A and not proud of it. (@ Frankenstorm Apocalypse w/ @maggieboruk) http://t.co/HCQ5LMVW,Sun Oct 28 15:34:51 +0000 2012,40.78957477,-73.79192591,-1
2.74E+17,,145464125,,,Oops. This is the place for the delicious Heavy Sea's Winter Storm (@ Red Star Tavern Newport News) http://t.co/0DWg1UNd,Tue Nov 27 23:35:55 +0000 2012,37.08745832,-76.47403836,1
2.63E+17,,241272292,,,Ok I fell for the stock exchange flood thing. #tweetedfakenews #iadmitit #sandy,Tue Oct 30 02:27:34 +0000 2012,40.77061013,-73.99174836,1
2.63E+17,,159983548,,,Going out into the storm like a champ. Gotta go check on my fam,Tue Oct 30 01:39:16 +0000 2012,41.56541395,-72.1545249,1
2.64E+17,,545672964,,,can't go to sleep to excited I have my social media back!!! #crazygirlprobs #woohoo #happyhalloweenie  #Sandy #lovemylife,Wed Oct 31 05:17:14 +0000 2012,40.7197868,-73.48044794,1
2.63E+17,,135437928,,,"Min v�_nn Rob jobbar p̴ en sk Liquor Store, dom s̴lde f̦r $20000 (!) ikv�_ll. Staten cashar in skatt p̴ skr�_mselpropagandan. #Sandy",Mon Oct 29 03:28:18 +0000 2012,40.66636731,-73.9885888,0
2.63E+17,,430729982,,,"New York, this was a tough one. #sandy",Tue Oct 30 11:05:50 +0000 2012,40.76769678,-73.99274823,-1
2.65E+17,,34109390,,,Governor Christie takes off via helicopter from #hoboken Pier A. #hurricanesandy  @ Pier A Park http://t.co/tr9DOTyY,Sun Nov 04 22:35:28 +0000 2012,40.73681963,-74.02708054,0
2.64E+17,,34109390,,,"Jenna Bush visits #Hoboken at 11th Street after #hurricanesandy #hobokensandy #njsandy #newjer @ Hoboken, NJ http://t.co/QrhMpy8t",Wed Oct 31 22:22:07 +0000 2012,40.13639832,-74.02848816,0
2.65E+17,,33706045,,,���@NewYorkPost: Hurricane-relief Guardsmen tossed out of armory - for Victoria's Secret show   http://t.co/6w4E7V3b�۝ outrageous,Mon Nov 05 14:41:37 +0000 2012,40.10927307,-74.12571249,0
2.62E+17,2.62E+17,14709034,16652976,,@irish_idealist I would take this storm very seriously. It's very unstable.,Sat Oct 27 21:59:58 +0000 2012,40.96169111,-75.99158348,-1
2.63E+17,,43495294,,,http://t.co/yoLUpD6w #sandyNantucket,Tue Oct 30 16:26:28 +0000 2012,42.11785896,-72.74941237,0
2.65E+17,,99664093,,,#jerseystrong #restoretheshore jersey will come back stronger then before&lt;3 fuck you sandy.,Mon Nov 05 14:31:54 +0000 2012,40.98099272,-73.98223643,1
2.63E+17,,39805384,,,"""@dinamanzo: lying in bed, listening to the heavy rain feeling so bad for so many people right now...ok #Sandy it's time to get lost"" Amen.",Tue Oct 30 05:23:25 +0000 2012,40.92174385,-74.00624543,-1
2.63E+17,,266258718,120943272,,@ErinAndrews oops forgot the photohttp://twitter.com/SandysHurricane/status/262995346060345344/photo/1,Mon Oct 29 21:45:03 +0000 2012,43.07402377,-77.569521,0
2.63E+17,,99612274,,,"OK, so there's a hipster invasion in W Harlem. Never seen so many of them here before. Did Sandy wash them out &amp; brought them here? O_o",Wed Oct 31 00:07:17 +0000 2012,40.8275694,-73.94947425,-1
2.44E+17,,355511646,,,Ellis Island NJ Fri Sep 7th PM Forecast: TONIGHT Patchy Fog Lo 71 SATURDAY Chance Of T-Storm Hi 85,Fri Sep 07 21:08:55 +0000 2012,40.696,-74.0853,0
2.63E+17,,450962785,,,The Castaneda emergency kit! Now to relax and enjoy some fam time while Sandy decides to show ���_��� @ My Casa _��_ http://t.co/9jBaAw6C,Sun Oct 28 22:23:55 +0000 2012,40.7563324,-73.91466522,1
2.63E+17,,39503255,,,At least Kevin and I are rained in together... #sandy #LetsStartDrinking,Mon Oct 29 13:07:33 +0000 2012,40.25747832,-74.8060626,1
2.63E+17,,18137376,,,Hurricane preparation: almost as important as football. (@ Half Court Sports Bar) http://t.co/TnOc5wNa,Sun Oct 28 16:51:15 +0000 2012,40.67542828,-73.96327935,1
2.76E+17,,21877897,,,Update on storm damage to flood-control dikes in #NewCastleDE #SandyDE (@ New Castle City Council Meeting) http://t.co/hA9eKIWR,Tue Dec 04 23:25:09 +0000 2012,39.65948868,-75.56333923,0
2.63E+17,,273291291,,,the winds already crazy enough up here and the hurricanes nowhere close. #dafuck,Sun Oct 28 18:11:07 +0000 2012,41.41620464,-72.91255071,-1
2.63E+17,,741086023,,,K got foood flashlights batteries my kids im ready for the storm�������_��_�,Sun Oct 28 23:31:57 +0000 2012,40.79154993,-73.01315524,1
2.26E+17,,29362514,,,���@mashsocialmedia: New Yorkers Capture Spectacular Photos of Storm - http://t.co/4Xt5uj54�۝ The storm that just went through the city,Wed Jul 18 21:56:29 +0000 2012,40.73883447,-74.04179337,0
2.63E+17,,128102176,,,"Between my run and long city walk today, I probably covered between 8 and 10 miles. It was much needed. #cabinfever #dayaftersandy",Tue Oct 30 21:43:18 +0000 2012,39.9415085,-75.1671893,0
2.65E+17,,25586745,,,Helping the economy in the LES #postsandy #joinus  @ Hair of the Dog Bar &amp; Grille http://t.co/pKoXMJgq,Sat Nov 03 19:54:02 +0000 2012,40.72135669,-73.98859565,0
2.64E+17,,46873904,,,So bummed that cruekid will not be trick or treating tonight due to that bitch they call #sandy,Wed Oct 31 16:31:06 +0000 2012,41.2978406,-72.8670986,-1
2.40E+17,,496503222,,,Glen Burnie MD Mon Aug 27th PM Forecast: TONIGHT Chance Of Showers Lo 71 TUESDAY Chance Of T-Storm Hi 89,Mon Aug 27 21:04:48 +0000 2012,39.1605,-76.5823,0
2.35E+17,,496503222,,,Glen Burnie MD Mon Aug 13th PM Forecast: TONIGHT Partly Cloudy Lo 71 TUESDAY Chance Of T-Storm Hi 85,Mon Aug 13 21:04:51 +0000 2012,39.1605,-76.5823,0
2.63E+17,,236206084,,,Shelly is shook #sandy #drawing #face #shookone @ Strong Island Gearon http://t.co/2CvtYJ1o,Mon Oct 29 03:20:38 +0000 2012,40.6647994,-73.44480679,0
2.63E+17,,202287971,,,"I'm at Frankenstorm Apocalypse - Hurricane Sandy (New York, NY) w/ 2781 others http://t.co/RwXNkNqQ",Mon Oct 29 19:29:14 +0000 2012,40.78911988,-73.79173279,0
2.68E+17,,18009267,,,"Make sure to step outside today, New Yorkers. After Sandy and the nor'easter, I think we earned this beautiful, beautiful fall day.",Sun Nov 11 19:49:10 +0000 2012,40.74982243,-73.97048788,1
2.63E+17,,41425063,,,It's pretty cool how this year there is a hurricane on my sisters birthday and last year we had the snow storm. #legitbirthday,Mon Oct 29 03:30:06 +0000 2012,40.2924491,-75.63847353,1
2.62E+17,,23094511,,,Crazy busy and they are out of water.  #hurricanesandy (@ Bottom Dollar Food) http://t.co/DvTyR0gA,Sat Oct 27 16:40:55 +0000 2012,40.09510082,-75.35910886,0
2.63E+17,,384883298,,,���@billy_burke: Had 2 postpone @todayshow cuza #Sandy. Boo was looking forward 2 c'ing u,Mon Oct 29 11:23:11 +0000 2012,40.77589442,-73.98875652,0
2.64E+17,,185346029,919832040,,@InesMohwinckel Back in NYC. Rode back w A&amp;J on LIRR. Wondering what/when/where more help will be needed. @RedCrossNY #Sandy,Fri Nov 02 21:29:43 +0000 2012,40.76431792,-73.99327884,0
2.63E+17,,201067679,,,"""If we get bored during the storm we could always doodle in this one direction notepad I have"" - @jvissat",Mon Oct 29 21:15:57 +0000 2012,41.81323734,-72.27300804,1
2.63E+17,,535370263,,,Cape May and Wildwood are flooded. I guess all I can do now is pray that my house near Cape May will be okay _���_٪� #worried #hurricanesandy,Mon Oct 29 15:07:59 +0000 2012,40.84220294,-75.92169281,-1
2.62E+17,,60812975,,,#sandy you are a whore #hurricaneproblems,Sat Oct 27 14:15:18 +0000 2012,39.97938905,-75.34458402,-1
2.63E+17,,858611695,,,Still drinkin hurricane waitin on this hurricane,Mon Oct 29 06:33:00 +0000 2012,40.07121489,-75.06972069,1
2.29E+17,,221583114,,,Severe Thunderstorm Warning issued July 28 at 4:10PM EDT until July 28 at 5:15PM EDT by NWS http://t.co/j0KHcyVT #CecilCounty,Sat Jul 28 20:29:17 +0000 2012,39.6023602,-75.78731494,0
2.63E+17,,135681259,,,@hooria_xoxo lol that picture would be funny if it was actually Hurricane Sandy but its a picture of Katrina... AWK.,Mon Oct 29 01:05:57 +0000 2012,39.95836241,-75.83868629,1
2.63E+17,,48869210,,,"If I can't go out on Halloween because of this hurricane, then I'm really gonna be pissed _���",Sun Oct 28 22:27:48 +0000 2012,40.15203354,-75.42111134,-1
2.62E+17,,46906624,,,���@AHurricaneSandy: HEY I JUST MET YOU AND THIS IS CRAZY BUT I'M COMING TO NEW YORK CAN I BLOW YOU MAYBE.�۝,Sun Oct 28 07:24:05 +0000 2012,40.28303632,-75.59682592,1
2.63E+17,,247309275,,,Not busy and happy about it #ambulance #ems #hurricanesandy #iphoneonly  @ VMSC Of Lower Merion http://t.co/pGMQ9ASK,Mon Oct 29 20:54:24 +0000 2012,40.00737683,-75.2850096,1
2.63E+17,,612116621,,,Really scared about what they said  They said that there is going to be a hurricane in NYC,Mon Oct 29 03:00:02 +0000 2012,40.79055273,-73.94476434,-1
2.63E+17,,28792416,,,Stuck in the hotel. Need drinks and storm raging buddies. #getatme #HurricaneSandy,Mon Oct 29 16:12:51 +0000 2012,39.19230444,-76.60689768,-1
2.63E+17,,210272234,,,RT @TelemundoNews: #NYC cerrar�� t̼neles Holland y Brooklyn-Battery comenzando a las 2pm. Posible inundaci�_n por lluvias de #Sandy.,Mon Oct 29 14:57:03 +0000 2012,40.7465302,-73.3691983,0
2.63E+17,,232112453,,,���@SandysHurricane: LOL JUST THREW A SUV INTO A FIELD CUZ THE BITCH HAD A ROMNEY 2012 BUMBER STICKER.�۝ Hahah classic,Mon Oct 29 20:59:47 +0000 2012,40.61947923,-79.17467825,1
2.63E+17,,43396579,,,"I'm at Frankenstormpocalypse 2012 (Washington, DC) w/ 694 others http://t.co/pgXEC465",Mon Oct 29 21:47:19 +0000 2012,38.89388871,-77.03656197,0
2.63E+17,,404636960,,,View of Manhattan from Astoria Park on the East River. #frankenstorm #astoria #queens #manhat @ Astoria Park http://t.co/HBfDhE5Z,Tue Oct 30 17:20:41 +0000 2012,40.780519,-73.920682,0
2.67E+17,,14365001,,,"NYC weather update:  Last week: Hurricane Yesterday: Blizzard Next Week: Locusts, Frogs and Darkness",Thu Nov 08 13:46:24 +0000 2012,40.6718889,-73.98362034,0
2.64E+17,,280776323,,,Block after block looks the same... #sandy #aftermath #tree #wires @ Bellrose Park http://t.co/nHz9zj0c,Wed Oct 31 15:08:49 +0000 2012,40.87432133,-73.33527768,0
2.63E+17,,35470632,,,"17 floors up and I can feel our building creaking... Swaying? Not yet, and hopefully never! #SandyinNYC",Mon Oct 29 19:25:23 +0000 2012,40.75353125,-73.96756407,-1
2.63E+17,,272011328,,,"I should clarify my previous tweet, there is mass havoc in Wegs including a complete run on H2O. #HurricaneSandy http://t.co/szu7lQ4g",Sun Oct 28 21:06:04 +0000 2012,43.0317558,-76.05333555,0
2.64E+17,,237687883,,,still have no power fuck you #sandy,Thu Nov 01 17:47:45 +0000 2012,40.79346679,-74.14548854,-1
2.64E+17,,35038642,,,I'm at Sandy Aftermathpocalypse 2012 w/ @anacoron @metalgerm http://t.co/TqysKxnS,Wed Oct 31 14:41:56 +0000 2012,40.75852805,-73.97499379,0
2.47E+17,2.47E+17,375912618,309716200,,@riley_arizona hahah I dont want another storm ! I'm a very tired girl lol,Sun Sep 16 01:24:48 +0000 2012,38.35523852,-75.60198185,-1
2.65E+17,,312928051,,,Trying a new experimental workout. It's where I move a tree by hand. #sandycleanup,Sun Nov 04 20:43:33 +0000 2012,40.62298282,-74.35353412,-1
2.63E+17,,299431783,,,"Not having anyone to cuddle with during this ""storm"" &lt;&lt;&lt;&lt;&lt;&lt;&lt;",Mon Oct 29 16:48:40 +0000 2012,41.9200837,-73.0704533,-1
2.68E+17,,577820859,,,Paying homage and praying for those who lost everything in the storm. New apartme @ Streets Of Staten Island http://t.co/aE04ugPY,Tue Nov 13 20:05:42 +0000 2012,40.62495016,-74.14686242,1
2.69E+17,2.69E+17,843763646,319219998,,@noraguerraa  yes! They closed it after the storm and were taking so long to re open it,Thu Nov 15 19:58:22 +0000 2012,41.40213718,-74.33451374,0
2.63E+17,,26170473,,,Canarsie took a major hit. #Sandy #nopower @ Canarsie Brooklyn http://t.co/weE2veIn,Tue Oct 30 19:18:35 +0000 2012,40.6424638,-73.88747133,0
2.64E+17,,139494426,,,Solar-powered public charging stations. #sandy #clever @ Flatiron Building http://t.co/QcHvHx51,Fri Nov 02 15:26:17 +0000 2012,40.74130691,-73.98935795,1
2.64E+17,,139494426,,,"Power's out, switching to acoustic. #cabinfever #songsaboutsandy @ Tom and Martha's http://t.co/k4pNPvvi",Wed Oct 31 16:43:40 +0000 2012,40.73283386,-74.0011673,-1
2.63E+17,,295459744,,,#Frankenstorm party with @carrielevande ! (@ 340 East 52nd) http://t.co/ABo350Qh,Sun Oct 28 23:02:48 +0000 2012,40.755223,-73.966028,1
2.63E+17,,305970048,,,If there's one thing that's not 'swag' it's a hurricane,Tue Oct 30 02:14:34 +0000 2012,39.71202346,-77.33256385,-1
2.66E+17,,589229575,241141897,,@PrestonSteve933 help with our charity Firefighter Football game? Proceeds benefit #sandy &amp; distracted driving. Live coverage of game too?,Wed Nov 07 20:56:15 +0000 2012,39.74968222,-75.03492602,0
2.64E+17,,18567677,,,"""@NYTMetro: Ready for another storm next week? It could happen http://t.co/HzGoaH9k"" Noooooo!!!!",Thu Nov 01 22:03:15 +0000 2012,49.9224357,-97.1674908,-1
2.72E+17,,96819903,,,#architecture #deco #postsandy #sandy #hurricanesandy #njshore  @ North End Pavilion http://t.co/PfXASU4o,Sat Nov 24 20:49:17 +0000 2012,40.15957047,-74.01980741,0
2.63E+17,,10786922,,,Almost can't see ground zero... #hurricanesandy @ Sheraton Lincoln Harbor Hotel http://t.co/A4zi7wj0,Mon Oct 29 14:52:13 +0000 2012,40.75883853,-74.02384043,0
2.63E+17,,424722831,,,Everyone please pray for my dad...he has to get up and work tomorrow in this crazy storm. I'm very worried and nervous..,Sun Oct 28 23:09:04 +0000 2012,41.2204259,-73.0720586,-1
2.64E+17,,286139205,,,This could probably be considered murdered in some states #thankssandy #fullweekoff http://t.co/slnMoaL0,Wed Oct 31 20:34:27 +0000 2012,41.23851647,-73.0353149,1
2.63E+17,,36728906,,,#frankenstorm #hurricanesandy #powerlines #tree #crazyness  @ Casa DeSoto http://t.co/AQ8yQSRF,Tue Oct 30 16:13:24 +0000 2012,40.92964172,-73.83470917,0
2.63E+17,,43823557,,,Old Town Alexandria today: near city dock. Local stations covering Hurricane Sandy. #AlexandriaVa http://t.co/jyW3L5Mg,Mon Oct 29 20:31:21 +0000 2012,38.85401024,-77.10652557,0
2.63E+17,,25189920,,,Damnnn Julie getting it bad they all stormed her Lmaooo,Tue Oct 30 03:00:11 +0000 2012,38.81222362,-77.10506408,0
2.63E+17,,452888517,,,i really wish the mall was open right. #hurricaneproblems,Tue Oct 30 21:35:11 +0000 2012,40.9710312,-73.7207508,-1
2.59E+17,,602747964,,,. @DVGBC Story Team brainstorming how to tell #greenschools stories in our region. @earthforce http://t.co/EpcYGOHc,Fri Oct 19 17:39:49 +0000 2012,39.95259888,-75.16475752,0
2.63E+17,,39114119,,,Post your hurricane pics! @ 7th Gear http://t.co/kbeRBU5D,Wed Oct 31 03:46:28 +0000 2012,40.78221722,-73.84606,0
2.76E+17,,21410796,,,"Uh oh...RT@TMFBreaking: Superstorm Sandy cost Delta $25 million in Nov profit, following $20 million hit in October.  http://t.co/UnIdhPVX",Tue Dec 04 21:44:25 +0000 2012,40.75674325,-73.9711404,0
2.62E+17,,21410796,,,Not Good! RT@PaulEWalsh: Sandy getting close. Into the mouth of Delaware as a CAT 1 storm then straight to my house. http://t.co/UGI4FxrA,Fri Oct 26 13:43:04 +0000 2012,39.56904157,-75.66610576,-1
2.55E+17,,414274053,,,Hoping that a hurricane comes and hit the school so i can sleep all day,Mon Oct 08 23:41:29 +0000 2012,40.62578647,-74.64828478,1
2.75E+17,,14787325,,,LESS than 30 days left to apply for aid! http://t.co/I3FcFXtq  #helpsi #sandyaid #sivolunteer #sirecovers #sandyvolunteer  #sandy,Mon Dec 03 02:42:45 +0000 2012,40.5331353,-74.2025513,0
2.70E+17,,14787325,,,Water/hands/food/cleaning supplies needed Father Capp &amp; Slater #sirecovers #sihelp #sivolunteer #sandyvolunteer #helpsi #rebuildsi,Sat Nov 17 16:57:00 +0000 2012,40.53783023,-74.20129525,0
2.63E+17,,87303838,,,���@57UN: Lovely picture of as Dog being rescued from hurricane #Sandy! Firemen are not only saving the people! http://t.co/CvqqpSoC�۝,Tue Oct 30 08:40:46 +0000 2012,42.13179157,-72.62522757,1
2.63E+17,,160817735,,,Encerrada en casa :( thanks #Sandy ):,Mon Oct 29 21:31:09 +0000 2012,41.1085554,-73.4333046,0
2.63E+17,2.63E+17,78976970,278836965,,@alrod77 center of the storm is going riiiight over my town. We're pretty much all screwed along the coast.,Tue Oct 30 06:05:37 +0000 2012,39.68651498,-75.86194444,-1
2.63E+17,,163844873,,,Sandy fuck you,Mon Oct 29 17:22:17 +0000 2012,40.80624,-73.9406,-1
2.63E+17,,151867093,,,Sandy made landfall in souther nj. #SuperstormSandy,Tue Oct 30 00:19:15 +0000 2012,40.49218526,-79.59852777,0
2.63E+17,,792724,,,Sirens downtown from me nonstop. Sounds like the apocalypse might. Calm and cool before the storm.,Mon Oct 29 13:37:10 +0000 2012,40.71821565,-73.99875319,-1
2.63E+17,2.63E+17,546893560,15485441,,@jimmyfallon would love to see the show no way in to city. #sandynotfair,Mon Oct 29 15:15:00 +0000 2012,40.71056474,-73.86401447,-1
2.63E+17,,594127025,,,"So I'm staring at this squash, waiting for the wind to tear it down! #sandy #bored http://t.co/jIuxj6aw",Mon Oct 29 21:08:30 +0000 2012,40.77066968,-73.91522398,0
2.63E+17,2.63E+17,394434906,552485223,,"@Jailynn_xo , anytime :) btw good morning :) are you okay from this damn storm ?",Mon Oct 29 13:04:17 +0000 2012,39.74118042,-75.58338165,1
2.63E+17,,19117875,,,#hurricanesandy  sea isle city is flooded @ Sea Isle City http://t.co/jJ1CcUCJ,Mon Oct 29 00:03:53 +0000 2012,39.13240248,-74.70652606,0
2.63E+17,,349923830,,,Afternoon skate before hurricane sandy hits the city #skate #skatepark #skateboarding #ha @ Park View Towers http://t.co/ON480kAC,Sun Oct 28 21:03:19 +0000 2012,41.77083158,-72.69721985,1
2.65E+17,,15383276,,,Oh no! Wil the Willow took on some decent damage during Sandy. Lost 3 big limbs  @ Central Park - Bow Bridge http://t.co/Pwk6jSPW,Mon Nov 05 12:33:03 +0000 2012,40.77578869,-73.9717868,-1
2.42E+17,,502309391,,,South Richmond Hill NY Sun Sep 2nd PM Forecast: TONIGHT Partly Cloudy Lo 69 LABOR DAY Chance Of T-Storm Hi 79,Sun Sep 02 21:09:24 +0000 2012,40.6884,-73.8234,0
2.64E+17,,575651876,,,#nyc #Bridge #Hurricane # sky #Weather @ The Rockefeller University http://t.co/82unv9Rn,Wed Oct 31 14:21:46 +0000 2012,40.76234997,-73.95639728,0
2.64E+17,,581927508,,,Oh hey sun! Nice seeing you! #aftermath #hurrican #sandy  @ Voorhees Town Center http://t.co/lfy6K8be,Wed Oct 31 17:41:46 +0000 2012,39.84979841,-75.00190258,1
2.64E+17,,374875343,,,#4ThingsiNeedForAHURRICANE  A shower A tanning bed My friends &amp; Vodka,Thu Nov 01 18:42:44 +0000 2012,41.44413091,-72.02505917,1
2.64E+17,,633888170,,,You suck.      #hurricane #sandy http://t.co/e14pWkCM,Thu Nov 01 04:45:27 +0000 2012,40.0274331,-74.1811575,-1
2.63E+17,2.63E+17,28030446,50631904,,@Skyline_Chili preparing for hurricane #sandy...gotta get the microwave some use before all the power goes out!! #DC http://t.co/wJIp7xdr,Sun Oct 28 15:34:05 +0000 2012,38.88936969,-77.07204909,0
2.63E+17,,539665464,,,Domino's &amp; Walking Dead with @BaylaKressi #thankssandy,Tue Oct 30 02:25:42 +0000 2012,43.01381582,-76.11886218,1
2.63E+17,,389299260,,,My older brother had to evacuate manhattan #sandy,Sun Oct 28 21:10:46 +0000 2012,40.0754417,-76.2733856,0
2.62E+17,,233379558,,,This storm is gonna be wild and crazy  Hope people don't overreact when there roofs leak.,Sat Oct 27 03:11:48 +0000 2012,40.25121158,-76.97999124,-1
2.62E+17,,300820113,,,���@AHurricaneSandy: SOMEEEE NIGHTS I STAAAAY UP FUCKING UP THE EEEEEEAST COAST�۝ @allisonkatzmar,Sun Oct 28 00:13:06 +0000 2012,39.71413872,-75.10913007,-1
2.44E+17,,25742926,,,Quiet storm   @ Best Western Orlando West http://t.co/yqCjqkGB,Fri Sep 07 23:25:16 +0000 2012,28.55213227,-81.406487,0
2.66E+17,2.66E+17,260098214,360253306,,@TaylorZilinek can't believe I'm saying this but at least you have a store! Mine was ruined from sandy _��� @AEOProblems,Tue Nov 06 03:40:06 +0000 2012,40.67407583,-73.62539189,-1
2.63E+17,,181512753,,,http://t.co/uWFRBkVU went for a walk round #brooklyn and see shit like this. #sandy #hurricane,Tue Oct 30 20:56:01 +0000 2012,40.6802354,-73.9766784,-1
2.63E+17,,33934071,,,Broadway is shut down #Sandy  @ Times Square http://t.co/eJWGG9gT,Mon Oct 29 21:05:09 +0000 2012,40.75648987,-73.98626804,0
2.63E+17,,386282390,,,���@BigFrankenStorm: JUST BLEW A LAPTOP INTO THE OCEAN. NOW A DELL IS ROLLING IN DA DEEP.�۝ @chefnicolekarr,Sun Oct 28 11:43:39 +0000 2012,41.32518095,-74.31151765,-1
2.63E+17,,14816628,,,Dressing business casual for the high speed winds outside. #frankenstorm  @ Leary Keefe Thunderdome http://t.co/YEJJdXnA,Mon Oct 29 20:58:54 +0000 2012,40.78016663,-73.95300293,0
2.63E+17,,17167045,,,WOAH! ���RT .@MotherJones: NEW (WETTER) #Sandy time-lapse of Manhattan from .@ClimateDesk: http://t.co/eDS1L3JR�۝,Tue Oct 30 01:16:49 +0000 2012,40.7333064,-73.88667444,0
2.63E+17,,108868483,,,This b!tch hurricane sandy week as shit,Mon Oct 29 11:39:04 +0000 2012,40.822525,-73.857804,-1
2.63E+17,,24459128,,,"For someone who lives in Maryland w/ a hurricane on its way, I am disturbingly calm. Or oblivious. #frankenstorm #sandy #damnnatureyouscary",Mon Oct 29 03:44:06 +0000 2012,39.15406036,-77.26891327,-1
2.63E+17,,52592929,,,This hurricane fucked up my day,Mon Oct 29 22:24:23 +0000 2012,41.73478884,-72.6889827,-1
2.64E+17,,892465381,,,Beyond exhausted_�_�_��_. Thanks a lot #Sandy ps.,Thu Nov 01 05:13:36 +0000 2012,40.64493875,-73.69776872,-1
2.67E+17,,26270834,,,Food &amp; Adult Sodas for the end of a long week! #PostSandy (@ Paddy's On The Bay) http://t.co/hgu1PbIv,Sat Nov 10 02:16:54 +0000 2012,40.81010861,-73.80350574,1
2.64E+17,,105141413,,,Still hanging above midtown.. #SandyNY http://t.co/DmqOI3Zv,Fri Nov 02 21:45:02 +0000 2012,40.76865179,-73.98656979,0
2.26E+17,,3680541,,,"Heading towards the eye of the storm, do I get a Merritt badge for being a storm chaser? http://t.co/Ez9zeCqy",Thu Jul 19 17:16:40 +0000 2012,41.196663,-79.479542,0
2.63E+17,,599650662,,,sandy panic in full swing...the remnants of the bread aisle. @ Safeway http://t.co/k0GzLJb9,Sun Oct 28 22:56:00 +0000 2012,39.0279022,-77.07534671,-1
2.70E+17,,465002530,,,West Licking board dismisses fire chief http://t.co/LTQqrTXZ Most read by neighbors in #SandyCorners #Dublin,Sun Nov 18 13:11:48 +0000 2012,40.08006,-83.15825,0