,text,Sentiment,SA,day,month,pre_clean_len
0,Sandy can you come in hot #please #noschool,1,1.0,28.0,10,43
1,Wegmans before Hurricane Sandy's storm effects. Wish it was this empty all the time.  Had plenty of food too! http://t.co/YGIkPz1e,1,-1.0,28.0,10,130
2,Thank you #hurricanesandy for making me walk to class in the rain,0,0.0,29.0,10,65
3,Power has been out now for three hours in Hazlet @njdotcom #Sandy,0,0.0,29.0,10,65
4,I'm at Frankenstorm Apocalypse - Hurricane Sandy w/ @gailie http://t.co/Svz3R7vF,0,0.0,29.0,10,80
5,@AustinMahone trying not to get blown away by hurricane sandy,1,0.0,28.0,10,61
6,#Sandy is coming http://t.co/5yYY9cvZ,0,0.0,29.0,10,37
7,Moving from #BK to #Manhattan  today @tylr with no power/heat/water.  Wish us luck. Send love to #Sandy victims it has been rough on many.,1,1.0,1.0,11,138
8,I feel priviledged for living in an area that was not seriously affected by #hurricanesandy,1,1.0,31.0,10,91
9,"Bring on the hurricane! Full tanks of gas, food, batteries, and plenty of Ketel One.  All set!",1,1.0,27.0,10,94
10,If I ever buy a house on Staten Island I'm checking its flood zone first. #sandy,1,1.0,31.0,10,80
11,watching Hurricane Sandy come together #SandyHelp,-1,0.0,3.0,11,49
12,"Big take away from #Sandy is damn nature, you scary.",-1,-1.0,30.0,10,52
13,$1 for bag of #organic #citrus = #lunch post Hurricane Sandy. #OJ #Orange #juice #grapefruit  @ citrus party http://t.co/6cIiUG28,0,0.0,1.0,11,129
14,@DJUCH much respect on that #SandyRelief,1,1.0,23.0,11,40
15,Sandy mess up my Fucking pay check kmt,-1,-1.0,5.0,11,38
16,So weird to see uptown fully functioning while it feels like the apocalypse downtown...o__o #hurricanesandy,-1,-1.0,31.0,10,107
17,This storm is whack!,-1,0.0,29.0,10,20
18,It look like a ghost town in downtown Baltimore.....#sandy,-1,0.0,29.0,10,58
19,One last escape before #Sandy (@ The Grilled Oyster Company) http://t.co/id0Mxthn,0,0.0,28.0,10,81
20,"[#macau #weather] Current Conditions: Light Rain, 23 CForecast: Tue - Scattered Thunderstorms/Wind. High: 26 Low: 21 Wed - Showers. H...",0,1.0,30.0,10,136
21,���@RachFinkk: I think I gained at least 5 pounds from all the food I ate this weekend #thankssandy�۝ I DON'T &amp; WONT HAVE POWER UNTIL FRIDAY,-1,-1.0,31.0,10,144
22,@jordfranks I'm fending off the bitch #sandy with beer and crappy tv. Lots of beer.,1,0.0,29.0,10,83
23,Instead of panicking we should listen to The Boss and eat pecan sandies. Perhaps a little Edgar Winter later on. #Frankenstorm,1,-1.0,26.0,10,126
24,@sheetz would you close because of the hurricane?,0,0.0,29.0,10,49
25,About to lose power :[ #sandy #lic,-1,0.0,30.0,10,34
26,@Chef_MorganA @khudak9330 lmfaooo I can't take you hahaa!!! I'm hyped for this storm. Sandy aint got nothing on me ;),1,0.0,26.0,10,117
27,Hudson PA Mon Aug 20th PM Forecast: TONIGHT Showers Likely Lo 55 TUESDAY Chance Of T-Storm Hi 79,0,0.0,20.0,8,96
28,"If this hurricane makes me lose power and puts a damper on my Tuesday date night with Jax Teller, we're going to have a issue... #SOA",-1,0.0,29.0,10,133
29,"#sandy plus the recession, high unemployment, and slow recovery in NJ had set us back about another 5-10 years...",-1,-1.0,30.0,10,113
30,"I'm at Hurricane Sandy NY '12 Preparation (Mineola, NY) w/ 4 others http://t.co/uDAOrTfs",0,0.0,28.0,10,88
31,#drinksfordays #sandy @JLF_forever @mallory_racine @britneyy_lynn @dylancarnevale @datbullaaron  @jpmccabe7 http://t.co/o3SCaN0S,0,0.0,28.0,10,128
32,#homealone #sandy   @ Willoughby&amp;Waverly http://t.co/XauJKKf0,0,0.0,28.0,10,65
33,#SandyHelp xwt,0,0.0,3.0,11,14
34,@MarjaniKutti hurricane sandy blew my school to a pulp so no college all week =). Home alone smoking hookah WOOOO,1,0.0,1.0,11,113
35,Post-hurricane Sandy debauchery. I don't have to work tomorrow. #hk #hellskitchen #newyorkcit @ Industry Bar http://t.co/fXsEFAxo,1,0.0,31.0,10,129
36,Pasta Carbonara and a glass of vino for dinner!#HurricaneSandynight,1,0.0,29.0,10,67
37,Post hurricane lunch. (@ Nonna) http://t.co/QOFgIxdh,0,0.0,30.0,10,52
38,Finally CCSU cancels classes #hurricanesandy,1,0.0,28.0,10,44
39,"I'm at Frankenstorm 2012 (Chevy Chase, MD) w/ 34 others http://t.co/VtxL4Ixf",0,0.0,29.0,10,76
40,"@johannacarden up and at 'em planning cast pictures, web page &amp; hunkering down in advance of the storm. Doing #WhateverItTakes. You Go Baby!",1,-1.0,26.0,10,144
41,When lipa calls to tell us to expect to not have power for 7-10 days&lt;&lt;&lt;&lt;&lt;&lt; #fuckme #fucksandy,-1,0.0,29.0,10,111
42,Eagles game DURING A HURRICANE. FOOTBALL!!!!!! (@ Lincoln Financial Field w/ 305 others) http://t.co/lLbWYq32,1,-1.0,28.0,10,109
43,it's always a party at duane reade. glad #nyc is staying prepared and hydrated before #sandy. @ Duane Reade http://t.co/QdHuVShD,1,1.0,29.0,10,128
44,"Hurricanes I the east, earthquakes on the west and republicans in the middle. Nowhere is safe.",1,1.0,7.0,11,94
45,I'm hearing the worst flooding is in the inlet. Fire personnel say there were a number of water rescues last night. #sandynj,0,-1.0,30.0,10,124
46,"Some  of my friends on Twitter are no longer following and that's ok, but I'm really short of time to tweet due to Sandy and business impact",-1,1.0,3.0,12,140
47,Sandy you may take my electricity but you won't take my Netflix!!!,-1,0.0,29.0,10,66
48,There goes the neighborhood!  #lightning #storm  @ Studio1923 Photographic Artists http://t.co/K15uIH5W,0,0.0,27.0,7,103
49,We officially lost power at 4:45. This will be our last storm without a generator #sonotkidding!,-1,0.0,29.0,10,96
50,Tree falls onto College Park home: @CPFD: Starting to deal with #Sandy damage. Stay indoors and stay alert! http://t.co/x45xZeHg,0,0.0,29.0,10,128
51,"Sent my Mom a volunteer opportunity with the childen's museum to help kids process #sandy  trauma. 38 years in special Ed, she can help!",1,1.0,3.0,11,136
52,Sandy is breaking stuff outside and being loud so I can't stay asleep lol,-1,1.0,30.0,10,73
53,"Attention floral park, sandy is approaching, mad trees falling down in this bitch, detours on detours on detours",1,-1.0,29.0,10,112
54,Going to sleep with one eye open. Will #Sandy pound Bellmore tomorrow? I'm hearing pressure at 950mb �_ber low...,0,0.0,29.0,10,113
55,"Riding a train to Hoboken first time after Sandy... Many tracks are shuttered. Still, amazing it's in service.",1,1.0,7.0,11,110
56,Let's see...Chuck E Cheese done. Can Frankenweenie be far behind? #daddypostsandy,0,-1.0,31.0,10,81
57,@plew025 Please help. #onlytwohitsleft #frankenstorm,-1,0.0,29.0,10,52
58,"Bridge Street Sag Harbor, Wednesday, October. 31st. Two days after Sandy residents are stil @ Sag Harbor, NY http://t.co/QOvKYZrI",0,0.0,31.0,10,129
59,No power since 3 and everyone in the house is sleeping #sandy,0,0.0,30.0,10,61
60,#snowstorm man these storms are killing me _��� that is why I want to be in India,-1,0.0,7.0,11,81
61,"7pm fri WalMart had 2 loaves of bread, 1 bag of ice and 17 cans of soup. Come on Sandy!",0,0.0,27.0,10,87
62,"@fiddystyle .. Everyone thinks the hurricane collapsed it , but I actually just unleashed a sledge hammer onto it",1,0.0,11.0,11,113
63,"State police troop a reporting trees coming down all over the place , the storm is in ct right now. 6:16 pm",0,1.0,8.0,9,107
64,Not sure if that was there before. #sandy @ Sandy's Street of Terror http://t.co/McfspqzD,-1,-1.0,29.0,10,89
65,Yaay! No school again tomorrow! #Sandy #LittleKidTweet,1,0.0,30.0,10,54
66,Rabbit meatballs #supperclubsforsandy  @ Studiofeast - Supperclubs For Sandy http://t.co/nVmMVDXs,0,0.0,18.0,11,97
67,Lower East Side was flipped over. #Sandy Tuesday 10/30/12 4:00PM @ Lower East Side http://t.co/XwR7VFVW,0,0.0,5.0,11,103
68,Riding out Frankenstorm at my parents. (@ Chamorro Grille) http://t.co/iRruRjWo,0,0.0,29.0,10,79
69,Full Moon? storm surge? Halloween? Surfing WereWolves have been sighted in NYC. Impatiently waiting on Sandy.,1,1.0,29.0,10,109
70,Just saw a guy trying to cut up a giant tree with a weed whacker. #HurricaneSandyProblems,1,0.0,10.0,11,89
71,At least this time the hurricane came on a Monday amirite?,1,-1.0,30.0,10,58
72,skinner is on top of my shit-list #apbio #uhwhat #therewasahurricane,0,1.0,1.0,11,68
73,Five darkest nights #downtown #manhattan #blackout #sandy  @ Brooklyn Bridge http://t.co/7Tq31iHD,0,0.0,3.0,11,97
74,Chelsea apartment's facade blown off by Sandy  #sandy #aftermath @ Chelsea http://t.co/FMDwXY3u,0,0.0,3.0,11,95
75,Power went off while watching The Day After Tomorrow #perfectstorm #armageddon #sandy @ Home http://t.co/G0HFLHmB,-1,0.0,30.0,10,113
76,@GordonGalloway1 thanks! Hope you are all doing ok #sandysucks,1,1.0,2.0,11,62
77,#sandy #lightsout #nyc #candle #newsstand  @ Union Square Park http://t.co/OJZtKzZ4,0,0.0,1.0,11,83
78,@katieejameess why you be missin from the hurricane party #thefuck #PaceU #Sandy #ToMyFutureWife,1,0.0,29.0,10,96
79,I'm certainly okay with no school Monday or Tuesday. #hurricanesandy #thankyaaaaaa,1,1.0,28.0,10,82
80,Is Sandy really gunna be somethin serious the way they sayin it tho..?,1,-1.0,28.0,10,70
81,srsly my new #BFF small 'n' handy mini flashlight! onwards: re-thumb-thru old fave fic! #keepingitsimple #sandy #nyc x http://t.co/j0YLdMr7,1,1.0,30.0,10,139
82,So not ready to be back in school #IMissMyHurricaneBreak,-1,-1.0,5.0,11,56
83,This morning it was bit different waking up to a hurricane instead of an alarm clock #Sandy,1,0.0,29.0,10,91
84,���@NurseTeeta19: I'm not pleased. Screw you Sandy!!! ��Ӊ_����_��__��__��_ _ِ__ِ__ِ__ُ�_ُ�_ُ�_ِ__ِ__ِ_ http://t.co/7Z1hvk2I�۝ Think I'll enjoy this one from comfort of home,-1,1.0,25.0,10,172
85,"���@WSJ: Gov. Christie: New Jersey residents will ""be taking the brunt of"" Hurricane #Sandy. http://t.co/aIwv8hqq�۝ safety to all my NJ peeps!",0,1.0,29.0,10,142
86,Bring it on Sandy! #hurricanesandy #scorpions #bringit @ Arroway Chevrolet http://t.co/LwskILQj,1,0.0,29.0,10,95
87,Drinking mimosas outside during an impending storm.,1,0.0,5.0,8,51
88,@JoeRedPeps perfect! Man I was looking for a weatherman I can rely on for up to date info! #Sandy #Hurricane #HurricaneSandy #weather #puppy,1,1.0,28.0,10,140
89,Well never thought I'd have to do this but I applied for disaster unemployment today... #FUCKYOUSANDY _���,-1,0.0,9.0,11,106
90,The storms r comin'.....,0,0.0,27.0,7,24
91,Wouldn't it be awesome if the hurricane blew all the leaves off my lawn?!?! This might not be so bad after all.,1,1.0,29.0,10,111
92,"Republicans blame #Sandy for losing the election, now Democrats blaming Sandy for unemployment. What a joke.",-1,0.0,15.0,11,108
93,A storms-a-comin'!!!! #storm #nj #darksky #nyc #rain #weather   @ NJ Turnpike Northern Division http://t.co/ub9cpEOF,0,0.0,20.0,9,116
94,Cafe lines slightly longer than usual #manhattan #sandy http://t.co/JKb7Ld0N,0,-1.0,30.0,10,76
95,#sandy where do all the rats go?,0,0.0,30.0,10,32
96,"@AaronGwin1 #Sandy hittin me hard right now, #needabeer.",-1,-1.0,30.0,10,56
97,"@AIMgettindatDOH stupid sandy! Haha, next weekend then?!",1,-1.0,27.0,10,56
98,@Jared_Max Lets pray there isn't another hurricane for obvious reasons like you not being able to use that excuse again. GMAFB #GiantsLosses,-1,1.0,26.0,11,140
99,Mama made me. #hurricanesandy @ Greenpoint http://t.co/wXgjtYcH,0,0.0,29.0,10,63
100,Not even sandy can stop our grind! #TNDO #sandyinphilly,1,0.0,29.0,10,55
101,@robbieelliott3 keep up the good work Robbie currently I'm stuck in NYC #sandy #BikeForBobby,1,1.0,30.0,10,92
102,Strong possibility that @chriistineeex0 and I will be drinking every week night due to #hurricanesandy _ٍ�_���_�ԍ,1,1.0,28.0,10,113
103,"Braving the ""storm"" to make Noise in the Basement happen!  Tune in at 9pm (@ 98Rock (WIYY-FM)) http://t.co/cp8AIXZ8",1,0.0,28.0,10,115
104,"#Sandy may just be proof that, like the rest of us, God thinks MTV's ""Jersey Shore"" sucks too. :) #fb",1,-1.0,29.0,10,101
105,- can this storm hurry the fxck up so i can get the fxck outta this house &amp;&amp; back to mines ! #lowpatience _��__���_���,-1,0.0,29.0,10,126
106,"I'm at Frankenstormpocalypse 2012 (Washington, DC) w/ 665 others http://t.co/NUgWpHju",0,0.0,29.0,10,85
107,3 weeks after the storm and there are still coffins hanging out of the ground! _���_���_��� http://t.co/PviDDNRr,0,0.0,14.0,11,112
108,#StormPrep @ Westminster Arms Luxury Apartment Homes http://t.co/r2BXeq84,0,0.0,29.0,10,73
109,Mom and grandma are cooking everything in the fridge #smellslikeheaven #foodfordays #Sandy,1,0.0,29.0,10,90
110,���@_DatsWhyYouMad: Damn Sandy have New York flooded�۝ -- word,0,1.0,30.0,10,62
111,@__jaysocutee you should of got some before the storm came smh,0,0.0,29.0,10,62
112,"""If President Obama wins, Hurricane Sandy will be a big reason."" - Bill O'Reilly #fauxnews  #wheredotheycomefrom",-1,1.0,7.0,11,112
113,I wish I had someone to cuddle with during the storm... My bed is freezing and this wind is scary! #SingleGirlProblems,1,-1.0,30.0,10,118
114,Oh hey random storm ��Ӊ��_��_�_�  @ Camp Pocono Trails http://t.co/oQT9gKOV,0,-1.0,26.0,7,75
115,#hoboken #Sandy  water in the toilet is surging up and down. This can't be good,-1,1.0,30.0,10,79
116,Ocean City MD Tue Jul 31st AM Forecast: TODAY Chance Of T-Storm Hi 85 TONIGHT Chance Of T-Storm Lo 71,0,0.0,31.0,7,101
117,This is how we keep ourselves entertained. #sister #laptop #me #xbox #hurricanesandy @ Grand Ave http://t.co/rqjbF0o2,1,1.0,2.0,11,117
118,Time to prep the house for sandy! #Frankenstorm,0,0.0,27.0,10,47
119,This is starting to be a bored #hate #sandy,-1,-1.0,29.0,10,43
120,Sandy 's cuming my cable keep shutting off nd on she cuming hard ascell,-1,-1.0,29.0,10,71
121,@PlayBoiMafia o ok I'm off #sandy,0,1.0,30.0,10,33
122,Refugee dinner w/ our fabulous  hosts #sandystillsucks w/ @dgouger (@ Isabella's) http://t.co/e1roUtYt,1,1.0,1.0,11,102
123,620am and it's dry &amp; still outside?? #hype #sandy #fb,0,-1.0,29.0,10,57
124,@sandyboxx @trafiuddin #firstworldproblems,0,0.0,20.0,11,42
125,Lionshead Lake NJ Sat Aug 11th PM Forecast: TONIGHT Chance Of T-Storm Lo 69 SUNDAY Chance Of T-Storm Hi 89,0,0.0,11.0,8,106
126,"Me + @caityster = innovators of the year. Well, at least the hurricane. #MixologyWin  @ The Mark Hotel http://t.co/sWIumYIC",1,-1.0,1.0,11,123
127,And I'm still #RAGING #excusemewhileibuildmyark #rhondalucky #IUP #sandy,-1,0.0,30.0,10,72
128,"I'm at Stormy Friday (Alexandria, VA) http://t.co/E7zC4nrM",0,0.0,28.0,10,58
129,"I'm at Frankenstorm Apocalypse - Hurricane Sandy (New York, NY) w/ 2792 others http://t.co/2KVpHTIg",0,1.0,29.0,10,99
130,Bear Creek Township PA Fri Aug 10th PM Forecast: TONIGHT Chance Of T-Storm Lo 65 SATURDAY Chance Of Showers Hi 81,0,0.0,10.0,8,113
131,@nicoleberes you know I want be there #fucksandy #sohardtogetgas,-1,0.0,3.0,11,64
132,@AnthonyCacioppo it seems you are weathering the hurricane well.,1,0.0,29.0,10,64
133,I JUST WANNA SEE THE GAME!!!! I don't give a fuck about Connecticut. #NBC #RBNY #Sandy,-1,-1.0,27.0,10,86
134,"#cpstorm RT @camdencountynj ""CamCo has some reported power outages and Creek Road is closed due to localized flooding. #SandyNJ""",0,-1.0,29.0,10,128
135,#Cablevision  because of #Sandy you should really bring back @wpix . The public needs to be informed. Their weather forecast is spot on. RT,0,1.0,26.0,10,139
136,Aspen Hill MD Mon Aug 20th PM Forecast: TONIGHT Showers And T-Storms Lo 61 TUESDAY Chance Of T-Storm Hi 85,0,0.0,20.0,8,106
137,"Fuck This Hurricane Shit, Im Not Trying To Stay At My House For The Next Few Days _��� #Bullshit",-1,-1.0,29.0,10,96
138,"I don't think me, @katieli and @MarcSebastian could have watched any more '90s RomComs this hurricane. #Sandy",0,1.0,30.0,10,109
139,SandyHook Security Policy | Newtown School Shooting | http://t.co/HBMTTltC Connecticut: http://t.co/b7DoDaDW,0,0.0,14.0,12,108
140,#hurricanesandy  @ The Wreck Of The Binghamton http://t.co/j6Br2yPg,0,0.0,29.0,10,67
141,Totally normal. Hurricane sandy http://t.co/hEedjs0W,0,1.0,26.0,10,52
142,We're all set for Sandy! @ Home Sweet Home http://t.co/a8IlIgNh,1,1.0,28.0,10,63
143,#surface come down to Walt Whitman Mall today to purchase your #surface before the storm comes #Surface http://t.co/olwQ3kgg,0,-1.0,28.0,10,124
144,@SimplyAJ10 I'm sitting in pickles pub just waiting for these storms pass to see some #oriolesmagic,1,0.0,8.0,9,99
145,"""@HuffPostMedia: One person New Yorkers will miss when #Sandy is over: Bloomberg's superstar sign language translator."": love her!",1,1.0,30.0,10,130
146,Severe Thunderstorm Warning issued July 18 at 2:56PM EDT until July 18 at 4:00PM EDT by NWS http://t.co/afX7qRCx,0,0.0,18.0,7,112
147,Severe Thunderstorm Warning issued July 07 at 4:29PM EDT until July 07 at 4:45PM EDT by NWS http://t.co/p9DezAWs,0,0.0,7.0,7,112
148,Safe wishes for everyone! _���_��_���_�լ #HurricaneSandy,1,1.0,29.0,10,56
149,No cars on Broadway at 10:30 at night. #nevereseenthatbefore #sandy #battendown @ 300 Mercer Street New York http://t.co/VIAHqsav,0,1.0,29.0,10,129
150,@weatherkim and @tomkierein tracking #sandydc on @nbcwashington http://t.co/bwDHqsXT,0,0.0,29.0,10,84
151,Only waited 15 minutes for gas in Clifton. #sandy #newnormal #thankful,1,0.0,5.0,11,70
152,Going up to the roof with Forrest Gump. #Sandy http://t.co/D4J21Xft,0,0.0,29.0,10,67
153,#ligas #sandy anyone know any stations that still have gas. Lots of people still searching,0,0.0,1.0,11,90
154,Heading to Rockaways - these guys are SUPER organized. So impressed #Sandy (@ Congregation Beth Elohim��_ w/ 2 others) http://t.co/HP2YU49d,1,1.0,5.0,11,139
155,Brushing my teeth and peeing in the dark.... #postsandy #struggles I NEED POWER,-1,-1.0,4.0,11,79
156,#sandy watch continues  @ Warehouse 11 http://t.co/7g7oV9iQ,0,0.0,29.0,10,59
157,#sandy  @ Sugar Hill / Harlem http://t.co/zyH6oM2t,0,0.0,30.0,10,50
158,Hiding from the rain w/ @sarahcrutcher (@ Hurricane Alley) http://t.co/LgcocV2Z,0,0.0,12.0,8,79
159,Sitting at the Highlands waterfront. #Frankenstorm winds are making my car shake.,0,0.0,29.0,10,81
160,Calm before another storm #blizzardNoreasrern2012 http://t.co/WYw9TGor,0,1.0,5.0,11,70
161,After the storm @ West Harlem Piers Park http://t.co/chgfTtDX,0,0.0,30.0,10,61
162,I have a feeling all sandy's going to be is all hype,0,0.0,26.0,10,52
163,@David_Boreanaz @Jim_Gardner Crap Crap Crap From The Jersey Tone It Down Sandy My House Is Still Under Repair From June 30 Derecho DeRoofed,-1,-1.0,27.0,10,139
164,Team #megamedia &amp; @MMEMGR made it to #virginia. #hurricanesandy has nothin on this #roadtrip #team! #nycbound #knicks http://t.co/M3QDZDtC,1,0.0,29.0,10,142
165,Gotta say it's kinda creepy when adults say this storm is a once in a lifetime thing.,-1,-1.0,28.0,10,85
166,@SpeakerBoehner Please act like POTUS. Cut up credit card. Unemployment or Sandy would require borrowing from China. Teach us conservatism.,-1,0.0,14.0,12,139
167,Coastal areas opening up shelters for homeless during hurricane and tweeting about it. don't they know that the homeless prefer four square?,-1,0.0,28.0,10,140
168,I don't think people are taking this storm seriously enough. It sounds Bad. How bad is it gonna be?,-1,-1.0,26.0,10,99
169,@Chrismaurer10 that's because sandy picked up a few power transformers,0,-1.0,30.0,10,70
170,The underside of my next door neighbor's deck! #deck #sandy #frankenstorm #noreaster #s @ The Bruno Compound http://t.co/14MhS3vq,0,0.0,30.0,10,129
171,And the office is officially closed #thatsafirst #frankenstorm #sandy,0,-1.0,29.0,10,69
172,Wind finally died down enough to crack a window in here. Enjoying the fresh air. Still locked on to @WNYC radio coverage. #Sandy,1,1.0,30.0,10,128
173,Bye bye power!! Going off the grid! #shotsfromsandy  @ 352 Bowery http://t.co/lYtsyf7T,-1,0.0,30.0,10,86
174,Starting to get windy here in NYC! #Sandy,0,0.0,28.0,10,41
175,A little bit of rain isn't holding me back from breakfast at Ihop #hurricane#sandy,1,-1.0,29.0,10,82
176,"Here we go! 12.12.12 Concert for Sandy Relief. I need a strong dose of Bruce tonight. We take care of our own, indeed. #JerseyStrong",1,1.0,13.0,12,132
177,no winds no rain wooo this is one he'll of a storm,1,0.0,29.0,10,50
178,RT @BBCBreaking: Crane hanging precariously beside skyscraper in New York City as Hurricane #Sandy approaches - PICTURE http://t.co/4VFB8IYv,0,1.0,29.0,10,140
179,@ladygaga I hope u help out your home town #hurricanesandy #nyc,1,0.0,6.0,11,63
180,@Bran_dough i live right by the ocean...my house gonna be gone on thanksgiving #oldhouse #sandy #homeownersinsurance,-1,1.0,29.0,10,116
181,Reasons why I love America... Just went to the grocery store... Only things that are sold out- water &amp; beer. #priorities #hurricaneparties,1,1.0,29.0,10,142
182,So about these hurricane festivities ...,1,0.0,29.0,10,40
183,RT @BHPhotoVideo We wish our friends @adorama and the rest of Downtown Manhattan a speedy &amp; safe recovery f/ the effects of Hurricane Sandy.,1,1.0,31.0,10,144
184,First casualty of Hurricane #Sandy: low-carb dieting! (@ Food Emporium w/ 3 others) [pic]: http://t.co/rVQBlSqN,1,1.0,28.0,10,111
185,@BigJoeBastardi hey wasn't their a winter storm a few February's ago that retrograded into the central jersey coast ? Kinda similiar to Sand,0,-1.0,21.0,11,140
186,Thank you Sandy for putting me so far behind in school.... #hurricaneproblems,-1,-1.0,5.0,11,77
187,Thinks its time to get scared for this hurricane! The realisation has hit that its on its way! #americatimes,-1,0.0,29.0,10,108
188,Me and @RealCptKirk are getting drunk tho #sandywho #fuckittho,1,-1.0,30.0,10,62
189,Bridge to darkness #nyc #sandy @ Waterfront Promenade http://t.co/xLznAsbW,0,0.0,31.0,10,74
190,"I feel like the only things I've been doing today are either eating, sleeping, or doing homework #sandyyousuck",-1,0.0,29.0,10,110
191,Oh and stay safe new jerseyians in the storm today_�ե #JerseyStrong,1,1.0,7.0,11,67
192,Mane Sandy on some bullshit she not trying to knock the power out,-1,0.0,30.0,10,65
193,"Hello, #snow storm. @ Baryshnikov Arts Center http://t.co/R8002jCm",0,-1.0,7.0,11,66
194,".@NYSEandG prez Mark S. Lynch claims #Sandy's aftermath more severe than Irene, delaying both assessment &amp; restoration processes. #Putnam",0,1.0,30.0,10,141
195,"Here I am, poopin like a hurricane",1,0.0,9.0,10,34
196,What was the rush to end the #Sandy benefit show?  More music = more donations!  Awesome 1 hr of tv.  #Grimm ???,1,1.0,3.0,11,112
197,Muaaahahaha ���@HoeyJays: Get ready #PDX - Hurricane @sarakleiman makes landfall in one day.�۝,0,1.0,18.0,9,94
198,"Sandy, Part 2 :The Wreckoning (@ Bogota Latin Bistro w/ 5 others) [pic]: http://t.co/MeEIPNhU",0,0.0,1.0,11,93
199,Back to the best city in the world first time post sandy...  &lt;\3 ( holler @ me!) http://t.co/eDKdt9om,1,1.0,10.0,11,104
200,"""@APS_AJ: If your a ""Side Chick"" I bet your hating @AHurricaneSandy right now!"" rt..they all on f/b quoting bible scriptures!! Lls..#sandy",1,1.0,29.0,10,138
201,Still cold #beer #nopower #sandy #fuckyousandy @ home http://t.co/tbQbiquU,1,-1.0,5.0,11,74
202,We are refugees from Manhattan on Long Island City! #sandy,0,-1.0,30.0,10,58
203,"@nymediacares #hurricanesandy #reliefeffort #statenisland  #volunteer  @ Staten Island, NY http://t.co/1U50jrhF",0,0.0,30.0,11,111
204,"@nymediacares #hurricanesandy #reliefeffort #statenisland  #volunteer  @ Staten Island, NY http://t.co/uJh1G5Fo",0,0.0,30.0,11,111
205,Listening to the good ol quiet storm...gotta love 96.3 at night,0,1.0,2.0,11,63
206,Sandy wildin ugh,0,0.0,29.0,10,16
207,"@mz_anGELik What's it down there???  We have this Hurricane guna hit up here soon, that prob y it's warmer here",1,-1.0,28.0,10,111
208,Dam this storm is so crazyy!!,-1,0.0,29.0,10,29
209,Sandys rippin,0,0.0,29.0,10,13
210,West New York NJ Sat Aug 11th PM Forecast: TONIGHT Chance Of T-Storm Lo 71 SUNDAY Chance Of T-Storm Hi 89,0,1.0,11.0,8,105
211,West New York NJ Sun Jul 29th AM Forecast: TODAY Chance Of T-Storm Hi 80 TONIGHT Chance Of T-Storm Lo 69,0,1.0,29.0,7,104
212,Just passed a fleet of Asplundt trucks headed into the storm... As are we!!! @ Pennsylvania turnpike http://t.co/3RNVnAXx,0,0.0,29.0,10,121
213,Sandy is dope classes already cancelled for Monday and Tuesday #prettysweet,1,0.0,28.0,10,75
214,Lunch for the skeleton crew at the #Episcopal Church Center #nyc #sandy @ The Episcopal Church Center http://t.co/BogOb2R2,0,-1.0,31.0,10,122
215,Hurricanes= catching up on #Awkward @Beau_Mirchoff @BDavv @ashleyfans92 @JillianRoseReed @HiJessicaLu @mollytarlov,0,0.0,28.0,10,114
216,Nice n cozy on Titi Linda's Big Bed _���_��__��� #bestcousins_��� #safefromsandy���_��_ #cuddlez #co @ Nostrand Gardens CO-OP http://t.co/QMn14vFK,1,1.0,30.0,10,146
217,"Is it just me, or does anyone else want to start singing ""Stranded at a drive-in, branded a fool"" every time a reporter mentions #Sandy?",1,0.0,29.0,10,136
218,Im glad to have my power back and all but now I'm more concerned about the gas situation and how I'm gonna get home... #seriouslysandy?,-1,1.0,1.0,11,135
219,The post sandy subway situation makes me scared to leave work and head to the subway hole. #sosickofspendingmoneyoncabrides,-1,0.0,3.0,11,123
220,Staten Island NY Sat Jul 28th AM Forecast: TODAY Chance Of T-Storm Hi 85 TONIGHT Chance Of T-Storm Lo 70,0,0.0,28.0,7,104
221,Damn RT���@acarvin: Did u take that pic? RT @RajaAlthaibani: Lower East side of Manhattan now: http://t.co/vw5MYTxG  #HurricaneSandy�۝,0,0.0,30.0,10,134
222,"#Sandy.  There is a big mass of thunderstorms heading NE towards #GreenfieldMA.  If we are going to get hit, that is the likely fist.",0,0.0,30.0,10,133
223,"#nowplaying Brooklyn, Brooklyn Take Me In (I and Love and You) : Avett Brothers cc: @lindsaykordik #sandy #NYC #evacuees",0,1.0,2.0,11,120
224,The only plans I have for the next two days at home are laying in my bed and watching rom coms and I don't hate it one bit #HurricaneSandy,1,-1.0,29.0,10,138
225,Have safe  night and beecareful with sandy,1,1.0,28.0,10,42
226,Heavy rain all day and now wind really picking. Landfall now about hour or so in Wildwood Nj about 70 miles from here #HurricaneSandy,0,0.0,29.0,10,133
227,Here in Collegeville just a light breeze and rain #SandyPA,0,1.0,29.0,10,58
228,Spuyten Duyvil NY Fri Aug 10th PM Forecast: TONIGHT Chance Of T-Storm Lo 71 SATURDAY Showers Likely Hi 85,0,0.0,10.0,8,105
229,Spuyten Duyvil NY Wed Jul 18th AM Forecast: TODAY Chance Of T-Storm Hi 95 TONIGHT Chance Of T-Storm Lo 75,0,0.0,18.0,7,105
230,"After this sandy bitch is done, McDonald's better give me a fuckin interview...",-1,1.0,29.0,10,79
231,Feeling like college Dan...shooting a show for BKVegan with my backup gear b/c all my cameras are locked in my midtown office #Sandy #D300,0,0.0,2.0,11,138
232,"Ok, #ROC Remember when we could say, ""Yeah, the weather here kinda sucks, but at least we don't get hurricanes""?  That's over now.",-1,-1.0,29.0,10,130
233,"Bc the DJ needs time,the mix 2 our Sandysea-relief is aimed at December 8,how is that 4 u #vocalists? Add ur vocals: iselinmusic@gmail.com:)",0,0.0,2.0,12,140
234,Bout to play manhunt on da westside.!! Lol #sandycantholdmebk,1,1.0,1.0,11,61
235,#sandy  @ Sea Bright Beach http://t.co/ljPgblAw,0,1.0,2.0,12,47
236,@LansReporter tree down on Hancock just south of church in #lansdale police on scene #Sandy,0,-1.0,29.0,10,91
237,Wish I had two women trapped in this hurricane with me... Can't think of anything else id rather be doin right now than #gettindirty,1,1.0,29.0,10,132
238,Just donated- I know everyone i know has 10 bucks do it #SandyHelp,1,0.0,3.0,11,66
239,"���@KevinHart4real: My prayers go out to all of the families on the east coast that were affected by Hurricane ""Sandy""�۝",1,0.0,30.0,10,120
240,After #sandy treat. #diner #icecream @ brooklyn http://t.co/1ViAGbCV,0,0.0,30.0,10,68
241,"���@brooklynvegan: L Train ""still flooded wall to wall and floor to ceiling"" -Joe Loda  #sandy #subway #update�۝ my stomach hurts.",-1,0.0,3.0,11,130
242,Working from home today because of #Sandy ? Do it right &amp; be effective http://t.co/33GQZo6p,0,1.0,29.0,10,95
243,Hurricane isaac in new orleans  ish!!,0,1.0,28.0,8,37
244,I honestly dont think this hurricane thing will do anything,0,1.0,28.0,10,59
245,@lil_guido2000 Center wind is closer to 100..have already had 70mph gust on east coast... It will be #Hurricane when it hits NJ in less 4hr,0,-1.0,29.0,10,139
246,Now that that's over where's this hurricane,0,0.0,28.0,10,43
247,Calm before the storm  #photoaday #hurricane  @ best buy oxford valley http://t.co/DPauZRyI,0,1.0,27.0,10,91
248,"Internet is out for the second time today for me here in Suffolk County. Still have electricity, though. #Sandy",0,0.0,29.0,10,111
249,@DeionSanders prime time an inspiration to all #brilliant give us people in jersey some words of wisdom when dealing with hurricane sandy,1,1.0,6.0,11,137
250,Packanack Lake NJ Sat Jul 14th PM Forecast: TONIGHT Chance Of T-Storm Lo 71 SUNDAY Chance Of T-Storm Hi 89,0,0.0,14.0,7,106
251,Packanack Lake NJ Tue Jul 10th AM Forecast: TODAY Chance Of T-Storm Hi 89 TONIGHT Chance Of T-Storm Lo 65,0,0.0,10.0,7,105
252,@wmconstantine Storm of the Century,0,0.0,30.0,10,35
253,The Statue of Liberty as seen from near Battery Park. #sandy #hurricanesandy  @ Battery Park City http://t.co/0MZy2IXX,0,1.0,29.0,10,118
254,Morning after #marthasvineyard #sandy #nofilter  @ Beach On Lagoon Pond http://t.co/RcS1RhKO,0,0.0,30.0,10,92
255,I hate thunderstorms they scare me .. time to pray for my life n go to bed cuz that sounded way to close,-1,-1.0,27.0,9,104
256,Family Dollar Linden already feeling Hurricane Sandys power an it's still miles off the coast! http://t.co/JPaZ2VG6,0,0.0,29.0,10,115
257,"@teresa_casero halloween here in NJ/NY will be good. Also, #Sandy gave a scary atmosphere so...",1,1.0,30.0,10,95
258,Oh geez south plainfield emergency management called the house about #hurricanesandy #shitsgettinreal,-1,0.0,26.0,10,101
259,"The boys have gathered an impressive amount of toys, books and clothes to donate to kids that lost theirs. #ilovemyboys #Sandy #recovery",1,1.0,3.0,11,136
260,#Bringback those 2O innocent children and 6 teacher that lost their life today! #PrayersForConnecticut #SandyHook #PrayersForNewton,-1,1.0,14.0,12,131
261,Cheers Sandy _ٍ�,1,0.0,29.0,10,16
262,"When In Doubt,Throw it out! #Sandy",1,0.0,1.0,11,34
263,": Storm surge between 4 and 8 feet is possible, National Weather Service says. http://t.co/RYKFuZsG",0,0.0,28.0,10,99
264,SEVERE THUNDERSTORM WARNING FOR... SOUTHEASTERN CARROLL COUNTY IN EAST CENTRAL OHIO... NORTHEASTERN HARRISON COUNTY... http://t.co/OwMYXEvc,0,0.0,26.0,7,139
265,My house is open folks  have pool table. Ping pong. Dart board card table roulette table Craps table and a generator COME GET ME SANDY,1,0.0,26.0,10,134
266,Sandy has officially left the building. Na na na na. Na na na na. Hey. Hey. Hey. GOODBYE! #FUCKOUTTAHERE,1,0.0,30.0,10,104
267,#PakistaniHurricaneNames HURRICANE NARGIS,0,0.0,29.0,10,41
268,Powers out and it's a bit scary listening to the wind outside! _���_���#hurricanesandy,-1,-1.0,29.0,10,86
269,@tideloadsofhope #newjersery #laundry #sandy @ Lowe's Home Improvement http://t.co/B9Xt959Q,0,0.0,4.0,11,91
270,Beer Blackout IV #sandy ��� Drinking an Old Heathen Imperial Stout by @weyerbacher @ Gryffinpour  ��� http://t.co/w2Vc2e87,1,1.0,1.0,11,122
271,Serious dilemma. How does one smoke outside in a hurricane. Feels like I'll be madd #uncomfy. FML.,-1,-1.0,29.0,10,98
272,@jackieeg123 I can't believe I'm missing the CMA's. #fuckyousandy,-1,-1.0,2.0,11,65
273,Rawk me like a hurricane. Durp...,1,0.0,28.0,10,33
274,"Just a hunch, but something tells me this might have something to do with #NJ being one big pile of storm debris: http://t.co/x70dt29e",0,0.0,6.0,11,134
275,Ok just to weired that they decided to air the hurricane episode of #familyguy for the 1030 episode,-1,1.0,30.0,10,99
276,It's 5 o'clock somewhere and that somewhere is here... Monday Funday #hurricaneParty,1,0.0,29.0,10,84
277,Sandy goes hard,0,-1.0,30.0,10,15
278,"#Sandy they should impose 10 gallon minimum on gas, it would move the lines faster and be less confusing than even odd plates.",0,-1.0,5.0,11,126
279,"���@NHLFlyers: The Flyers hope our fans and everyone affected remain safe as we wait out Hurricane Sandy.�۝ Thx, hope hockey is back soon!!",1,1.0,29.0,10,139
280,"#sandy clean-up  We were lucky  @ Tuckerton, NJ http://t.co/SdvuByut",1,1.0,30.0,10,68
281,going to get hurricane supplies ... If any store has anything left,-1,0.0,28.0,10,66
282,"All out of milk, water &amp; chicken at the Stop &amp; Shop. But thank goodness I was able to stock up on sweet potatoes &amp; lettuce before the storm.",1,1.0,6.0,11,152
283,So far no big deal woke me up but not a big deal just stay this way #sandy,1,1.0,29.0,10,74
284,#TWC journalist just said she has seen one model showing 40 feet of snow ... I'm assuming she meant inches. #Sandy #oppsy #pawx,0,0.0,28.0,10,127
285,My current view of pre- #sandy. Wish I had video of the man attempting to use an umbrella - exercise in futility. http://t.co/dPMxxLDv,0,0.0,29.0,10,134
286,@ThomasTMoney Hurricane Sandy has landed. Had to drive around 2 trees that had fallen down and she's not even in New York yet #Stressed,-1,-1.0,29.0,10,135
287,I hope Bestbuy Calls within an Hour! To tell me I'm off ! Kuz imma be beefin if I have to work during the storm and get cought in the storm.,-1,0.0,29.0,10,140
288,@mattaacuz WAIT WE HAVE ANOTHER STORM ON THE WAY,-1,0.0,8.0,11,48
289,"[WATCH] Upd Msg #6, Tropical Storm - Miriam, E Pacific Ocean, Winds 45 kt, Gusts 55 kt, reported by NWS. http://t.co/YeLF5Zo7 #fb",0,0.0,23.0,9,129
290,@AllieCialeo @kookaraba @rachaelefff I'm literally about to have Taco Bell... #5starmeals #takeout #stillnopower #fuckme #fuckyousandy,-1,0.0,6.0,11,134
291,"WINTER STORM WARNING 5-9"" OF SNOW WITH UP TO 12"" IN THE HIGHEST ELEVATIONS. THE DEEPER VALLEYS AREAS WILL SEE 3 TO 5"" http://t.co/TsjGdHoE",0,0.0,29.0,10,138
292,New gas announcement. #nogas #needgas #instagram #njgas #igers #sandy  @ New Jersey http://t.co/K1GS5FBr,0,1.0,3.0,11,104
293,Sandy prep (@ Rowayton Fire Department) http://t.co/I5uWbybb,0,0.0,29.0,10,60
294,My neighbors are blowing leaved off their lawns There is a hurricane coming they are either going to end up back on your lawn or a tree will,1,0.0,28.0,10,140
295,Can't wait for sandy to come to dyckman for we could run a train on Dat ass,1,0.0,30.0,10,75
296,Yoga pants more like hurricane sandy pants #neverchanging,0,1.0,29.0,10,57
297,Roving out this evening.. lot busier on the streets. No power below 32st from where I could see #Sandy http://t.co/3GUDGHVB,0,0.0,30.0,10,123
298,@rissgiammarino I miss you tooo! How's your house and everything flyer the storm?,1,0.0,2.0,11,81
299,Hurricane prep#2: stock up on Israeli wine and whiskey (@ Skyview Wines and Spirits) http://t.co/HlAtOZ6m,0,0.0,27.0,10,105
300,Rainstorm sounds on the roof of a gothic church #rainysunday #nyc   @ Fifth Avenue Presbyterian Church http://t.co/MS1evO9U,0,0.0,8.0,10,123
301,Frankenstorm: day 3. Sangria. @ Upper West Side Abode http://t.co/IiJaE1M7,1,0.0,30.0,10,74
302,#INGNYCM is now cancelled. Feel kinda bad having come out here for business reasons. #helpSandy,-1,-1.0,2.0,11,95
303,#skull #ice #awesome #sandy #hurricane #snowday #tweegram #timburton #billmurray #moviemara @ Camp Northstar http://t.co/y2a9FKyz,1,1.0,29.0,10,129
304,"Turn on NBC and watch this devastation.  Here in CT, we were inconvenienced. NY &amp; NJ had life-altering chaos. #SandyHelp",-1,0.0,3.0,11,124
305,The only time I visit http://t.co/gBs5Vc61 is when I'm going to the beach or a deadly hurricane is headed my way.,1,-1.0,27.0,10,113
306,Yo this is crazy now I have no choice but to stay at work because of this dumb as weather. Fuck hurricane sandy tha... http://t.co/UYmlAoLO,-1,-1.0,28.0,10,139
307,Mittens is collecting items for the storm victims in Ohio that the Red Cross doesn't need! He didn't mention how he thought FEMA was doing?,0,0.0,30.0,10,139
308,Deserted. #hurricane  @ Frankenstorm Apocalypse - Hurricane Sandy http://t.co/p8v2w2bk,0,0.0,29.0,10,86
309,The @weatherchannel is now naming winter storms...stop. Really.,-1,1.0,8.0,11,63
310,"I'm at Hurricane Sandy (Valley Stream, NY) w/ 15 others http://t.co/C2RMeXK9",0,0.0,29.0,10,76
311,Going to play football with my boys #sandy,0,0.0,30.0,10,42
312,"Severe Thunderstorm Warning issued for Linden Hill, NY http://t.co/mJHMeLw2",0,0.0,8.0,9,75
313,Feeling the house shake from Sandy on the third floor.,-1,0.0,29.0,10,54
314,"Remember when NYC flooded last year? RT @MarketWatch: NYC may evacuate 375,000 ahead of Hurricane Sandy http://t.co/GGCe4Aya",0,0.0,27.0,10,124
315,@BobVanDillen all about ratings.   Read article down 18.5% YOY before Sandy.,0,-1.0,7.0,11,76
316,Aye These Sandy Jokes Getting Lame ... Sit Y'all Hoe Asses Down.,-1,-1.0,29.0,10,64
317,Fucking hurricane Sandy I have no power this sucks ass! i feel like I'm back in Miami durin @ Betty's Corner http://t.co/8YOGOOKX,-1,-1.0,29.0,10,129
318,GREAT DAY TO CHANGE UP YOUR SEASONAL LOOK_��� Wet suits and surf boards this weekend LET'S PARTY SANDY,1,1.0,27.0,10,102
319,...HIGH WIND EXPECTED FOR MONDAY AND TUESDAY... .POST TROPICAL STORM SANDY WILL INTERACT WITH A COLD UPPER LOW AND... http://t.co/7Lp0a3do,0,-1.0,29.0,10,138
320,Stuart Weitzman has their entire front window boarded up from top to bottom #SaveTheShoes #frankenstorm,0,1.0,28.0,10,103
321,���@daracooks: @stevemhii I'm following you back.  Love #ProStart great program.  Stay well and dry during #Frankenstorm�۝ thanks &amp;u stay safe2,1,1.0,29.0,10,147
322,"three day long headache. if i die from carbon monoxide poisoning tonight, give all my clothes the hurricane sandy victims.",-1,-1.0,5.0,11,122
323,#sandy is blowin down my windows and making her way to my heart,1,-1.0,29.0,10,63
324,"@andorweb American TV, Twitter and Facebook cover well what's going on here -you only have to be without power blackout to check it #Sandy",-1,0.0,30.0,10,138
325,"I'm at Frankenstorm Apocalypse Warning (Scarsdale, NY) http://t.co/y3HQ63UA",0,0.0,28.0,10,75
326,Good press conference by Malloy. His point about the storm possibly sticking around for four high-tide cycles is scary.,-1,1.0,28.0,10,119
327,Woke up early. Heading out to survey damage. Crazy storm. Hope everyone is ok out there! #Sandy #superstorm,1,0.0,30.0,10,107
328,Wow... #HurricaneSandy http://t.co/WWYzuR2z,0,1.0,29.0,10,43
329,Volunteers clearing debris from Community Ctr in Hoboken #Sandy http://t.co/hhVGhbS3,0,0.0,9.0,11,84
330,Watching the storm roll in. (@ Northern Indian Restaurant w/ 2 others) [pic]: http://t.co/pOBLTsYY,0,0.0,15.0,8,98
331,Morning after #hurricanesandy. Crane still there. http://t.co/00tCB8R2,0,0.0,30.0,10,70
332,@kbeninato @marilynm Nooo! My wife makes the best meatloaf. I do agree about the performer. Lol. #HurricaneSandy,1,1.0,28.0,10,112
333,wow @AHurricaneSandy - u are kind of hilarious #Frankenstorm,1,1.0,29.0,10,60
334,West Chester PA Fri Jul 13th PM Forecast: TONIGHT Scattered Showers Lo 69 SATURDAY Chance Of T-Storm Hi 85,0,0.0,13.0,7,106
335,"I say a pressure drop, oh pressure - oh yeah, pressure drop-a-drop on you. #Sandyinphilly",1,0.0,29.0,10,89
336,I plan on sleeping through this storm. Wake me up when it's over.,0,0.0,29.0,10,65
337,I went to Wegman's yesterday and it was sad to see the long lines for hot food and power outlets! So many people devastated! #StormSandy,-1,1.0,31.0,10,136
338,"Sounds like sirens going up Military Road in Chevy Chase, DC. #SANDYDC",0,-1.0,28.0,10,70
339,@CapitolRomance safe travels to u too!! I hope Sandy didnt ruin anything for u! Hopefully this cabin we're going to is still in one piece!,1,1.0,2.0,11,138
340,"Hurricane, shmurricane! Gray's Papaya- OPEN! #hurricane #sandy #frankenstorm #uws #nyc @ Gray's Papaya http://t.co/uHCseql3",1,0.0,29.0,10,123
341,"Drying out 86-year-old newspaper in the Rockaways post #sandy @ Roxbury, NY http://t.co/nconLad1",0,1.0,17.0,11,96
342,I hope @dothat327 &amp; @majormagic stocked up for the storm #sandy @ The Fresh Grocer http://t.co/nAM0YOf2,0,1.0,28.0,10,107
343,Packed house post-Sandy. (@ Life Time Fitness w/ 3 others) http://t.co/10NzCojg,0,0.0,30.0,10,79
344,@LelandBChapman thanks Leland we need all the prayers we can get right now. This storm is crazy! Mother nature is pissed off!,-1,-1.0,29.0,10,125
345,My brother and dad #aftermath #sandy #springlake @ Spring Lake Boardwalk http://t.co/ZlUUdVx3,0,0.0,20.0,11,93
346,"OK, not gonna lie. These wind gusts are getting pretty gnarly and scary now. #SandyVA",-1,1.0,29.0,10,85
347,Refugees leaving the house in search of sustenance and electricity #adventuretime #survivingsandy,-1,0.0,1.0,11,97
348,Zone A and not proud of it. (@ Frankenstorm Apocalypse w/ @maggieboruk) http://t.co/HCQ5LMVW,-1,-1.0,28.0,10,92
349,Oops. This is the place for the delicious Heavy Sea's Winter Storm (@ Red Star Tavern Newport News) http://t.co/0DWg1UNd,1,1.0,27.0,11,120
350,Ok I fell for the stock exchange flood thing. #tweetedfakenews #iadmitit #sandy,1,1.0,30.0,10,79
351,Going out into the storm like a champ. Gotta go check on my fam,1,0.0,30.0,10,63
352,can't go to sleep to excited I have my social media back!!! #crazygirlprobs #woohoo #happyhalloweenie  #Sandy #lovemylife,1,1.0,31.0,10,121
353,"Min v�_nn Rob jobbar p̴ en sk Liquor Store, dom s̴lde f̦r $20000 (!) ikv�_ll. Staten cashar in skatt p̴ skr�_mselpropagandan. #Sandy",0,0.0,29.0,10,132
354,"New York, this was a tough one. #sandy",-1,-1.0,30.0,10,38
355,Governor Christie takes off via helicopter from #hoboken Pier A. #hurricanesandy  @ Pier A Park http://t.co/tr9DOTyY,0,0.0,4.0,11,116
356,"Jenna Bush visits #Hoboken at 11th Street after #hurricanesandy #hobokensandy #njsandy #newjer @ Hoboken, NJ http://t.co/QrhMpy8t",0,0.0,31.0,10,129
357,���@NewYorkPost: Hurricane-relief Guardsmen tossed out of armory - for Victoria's Secret show   http://t.co/6w4E7V3b�۝ outrageous,0,-1.0,5.0,11,129
358,@irish_idealist I would take this storm very seriously. It's very unstable.,-1,1.0,27.0,10,75
359,http://t.co/yoLUpD6w #sandyNantucket,0,0.0,30.0,10,36
360,#jerseystrong #restoretheshore jersey will come back stronger then before&lt;3 fuck you sandy.,1,-1.0,5.0,11,94
361,"""@dinamanzo: lying in bed, listening to the heavy rain feeling so bad for so many people right now...ok #Sandy it's time to get lost"" Amen.",-1,1.0,30.0,10,139
362,@ErinAndrews oops forgot the photohttp://twitter.com/SandysHurricane/status/262995346060345344/photo/1,0,0.0,29.0,10,102
363,"OK, so there's a hipster invasion in W Harlem. Never seen so many of them here before. Did Sandy wash them out &amp; brought them here? O_o",-1,1.0,31.0,10,139
364,Ellis Island NJ Fri Sep 7th PM Forecast: TONIGHT Patchy Fog Lo 71 SATURDAY Chance Of T-Storm Hi 85,0,0.0,7.0,9,98
365,The Castaneda emergency kit! Now to relax and enjoy some fam time while Sandy decides to show ���_��� @ My Casa _��_ http://t.co/9jBaAw6C,1,1.0,28.0,10,137
366,At least Kevin and I are rained in together... #sandy #LetsStartDrinking,1,-1.0,29.0,10,72
367,Hurricane preparation: almost as important as football. (@ Half Court Sports Bar) http://t.co/TnOc5wNa,1,1.0,28.0,10,102
368,Update on storm damage to flood-control dikes in #NewCastleDE #SandyDE (@ New Castle City Council Meeting) http://t.co/hA9eKIWR,0,1.0,4.0,12,127
369,the winds already crazy enough up here and the hurricanes nowhere close. #dafuck,-1,-1.0,28.0,10,80
370,K got foood flashlights batteries my kids im ready for the storm�������_��_�,1,1.0,28.0,10,76
371,���@mashsocialmedia: New Yorkers Capture Spectacular Photos of Storm - http://t.co/4Xt5uj54�۝ The storm that just went through the city,0,1.0,18.0,7,135
372,"Between my run and long city walk today, I probably covered between 8 and 10 miles. It was much needed. #cabinfever #dayaftersandy",0,1.0,30.0,10,130
373,Helping the economy in the LES #postsandy #joinus  @ Hair of the Dog Bar &amp; Grille http://t.co/pKoXMJgq,0,0.0,3.0,11,106
374,So bummed that cruekid will not be trick or treating tonight due to that bitch they call #sandy,-1,-1.0,31.0,10,95
375,Glen Burnie MD Mon Aug 27th PM Forecast: TONIGHT Chance Of Showers Lo 71 TUESDAY Chance Of T-Storm Hi 89,0,0.0,27.0,8,104
376,Glen Burnie MD Mon Aug 13th PM Forecast: TONIGHT Partly Cloudy Lo 71 TUESDAY Chance Of T-Storm Hi 85,0,0.0,13.0,8,100
377,Shelly is shook #sandy #drawing #face #shookone @ Strong Island Gearon http://t.co/2CvtYJ1o,0,1.0,29.0,10,91
378,"I'm at Frankenstorm Apocalypse - Hurricane Sandy (New York, NY) w/ 2781 others http://t.co/RwXNkNqQ",0,1.0,29.0,10,99
379,"Make sure to step outside today, New Yorkers. After Sandy and the nor'easter, I think we earned this beautiful, beautiful fall day.",1,1.0,11.0,11,131
380,It's pretty cool how this year there is a hurricane on my sisters birthday and last year we had the snow storm. #legitbirthday,1,1.0,29.0,10,126
381,Crazy busy and they are out of water.  #hurricanesandy (@ Bottom Dollar Food) http://t.co/DvTyR0gA,0,-1.0,27.0,10,98
382,���@billy_burke: Had 2 postpone @todayshow cuza #Sandy. Boo was looking forward 2 c'ing u,0,0.0,29.0,10,89
383,@InesMohwinckel Back in NYC. Rode back w A&amp;J on LIRR. Wondering what/when/where more help will be needed. @RedCrossNY #Sandy,0,1.0,2.0,11,128
384,"""If we get bored during the storm we could always doodle in this one direction notepad I have"" - @jvissat",1,-1.0,29.0,10,105
385,Cape May and Wildwood are flooded. I guess all I can do now is pray that my house near Cape May will be okay _���_٪� #worried #hurricanesandy,-1,1.0,29.0,10,141
386,#sandy you are a whore #hurricaneproblems,-1,0.0,27.0,10,41
387,Still drinkin hurricane waitin on this hurricane,1,0.0,29.0,10,48
388,Severe Thunderstorm Warning issued July 28 at 4:10PM EDT until July 28 at 5:15PM EDT by NWS http://t.co/j0KHcyVT #CecilCounty,0,0.0,28.0,7,125
389,@hooria_xoxo lol that picture would be funny if it was actually Hurricane Sandy but its a picture of Katrina... AWK.,1,1.0,29.0,10,116
390,"If I can't go out on Halloween because of this hurricane, then I'm really gonna be pissed _���",-1,1.0,28.0,10,94
391,���@AHurricaneSandy: HEY I JUST MET YOU AND THIS IS CRAZY BUT I'M COMING TO NEW YORK CAN I BLOW YOU MAYBE.�۝,1,-1.0,28.0,10,108
392,Not busy and happy about it #ambulance #ems #hurricanesandy #iphoneonly  @ VMSC Of Lower Merion http://t.co/pGMQ9ASK,1,1.0,29.0,10,116
393,Really scared about what they said  They said that there is going to be a hurricane in NYC,-1,1.0,29.0,10,90
394,Stuck in the hotel. Need drinks and storm raging buddies. #getatme #HurricaneSandy,-1,0.0,29.0,10,82
395,RT @TelemundoNews: #NYC cerrar�� t̼neles Holland y Brooklyn-Battery comenzando a las 2pm. Posible inundaci�_n por lluvias de #Sandy.,0,0.0,29.0,10,132
396,���@SandysHurricane: LOL JUST THREW A SUV INTO A FIELD CUZ THE BITCH HAD A ROMNEY 2012 BUMBER STICKER.�۝ Hahah classic,1,1.0,29.0,10,118
397,"I'm at Frankenstormpocalypse 2012 (Washington, DC) w/ 694 others http://t.co/pgXEC465",0,0.0,29.0,10,85
398,View of Manhattan from Astoria Park on the East River. #frankenstorm #astoria #queens #manhat @ Astoria Park http://t.co/HBfDhE5Z,0,0.0,30.0,10,129
399,"NYC weather update:  Last week: Hurricane Yesterday: Blizzard Next Week: Locusts, Frogs and Darkness",0,0.0,8.0,11,100
400,Block after block looks the same... #sandy #aftermath #tree #wires @ Bellrose Park http://t.co/nHz9zj0c,0,0.0,31.0,10,103
401,"17 floors up and I can feel our building creaking... Swaying? Not yet, and hopefully never! #SandyinNYC",-1,0.0,29.0,10,103
402,"I should clarify my previous tweet, there is mass havoc in Wegs including a complete run on H2O. #HurricaneSandy http://t.co/szu7lQ4g",0,-1.0,28.0,10,133
403,still have no power fuck you #sandy,-1,-1.0,1.0,11,35
404,I'm at Sandy Aftermathpocalypse 2012 w/ @anacoron @metalgerm http://t.co/TqysKxnS,0,0.0,31.0,10,81
405,@riley_arizona hahah I dont want another storm ! I'm a very tired girl lol,-1,1.0,16.0,9,74
406,Trying a new experimental workout. It's where I move a tree by hand. #sandycleanup,-1,1.0,4.0,11,82
407,"Not having anyone to cuddle with during this ""storm"" &lt;&lt;&lt;&lt;&lt;&lt;&lt;",-1,0.0,29.0,10,81
408,Paying homage and praying for those who lost everything in the storm. New apartme @ Streets Of Staten Island http://t.co/aE04ugPY,1,1.0,13.0,11,129
409,@noraguerraa  yes! They closed it after the storm and were taking so long to re open it,0,-1.0,15.0,11,87
410,Canarsie took a major hit. #Sandy #nopower @ Canarsie Brooklyn http://t.co/weE2veIn,0,1.0,30.0,10,83
411,Solar-powered public charging stations. #sandy #clever @ Flatiron Building http://t.co/QcHvHx51,1,1.0,2.0,11,95
412,"Power's out, switching to acoustic. #cabinfever #songsaboutsandy @ Tom and Martha's http://t.co/k4pNPvvi",-1,0.0,31.0,10,104
413,#Frankenstorm party with @carrielevande ! (@ 340 East 52nd) http://t.co/ABo350Qh,1,0.0,28.0,10,80
414,If there's one thing that's not 'swag' it's a hurricane,-1,0.0,30.0,10,55
415,@PrestonSteve933 help with our charity Firefighter Football game? Proceeds benefit #sandy &amp; distracted driving. Live coverage of game too?,0,-1.0,7.0,11,142
416,"""@NYTMetro: Ready for another storm next week? It could happen http://t.co/HzGoaH9k"" Noooooo!!!!",-1,1.0,1.0,11,96
417,#architecture #deco #postsandy #sandy #hurricanesandy #njshore  @ North End Pavilion http://t.co/PfXASU4o,0,0.0,24.0,11,105
418,Almost can't see ground zero... #hurricanesandy @ Sheraton Lincoln Harbor Hotel http://t.co/A4zi7wj0,0,0.0,29.0,10,100
419,Everyone please pray for my dad...he has to get up and work tomorrow in this crazy storm. I'm very worried and nervous..,-1,-1.0,28.0,10,120
420,This could probably be considered murdered in some states #thankssandy #fullweekoff http://t.co/slnMoaL0,1,0.0,31.0,10,104
421,#frankenstorm #hurricanesandy #powerlines #tree #crazyness  @ Casa DeSoto http://t.co/AQ8yQSRF,0,0.0,30.0,10,94
422,Old Town Alexandria today: near city dock. Local stations covering Hurricane Sandy. #AlexandriaVa http://t.co/jyW3L5Mg,0,1.0,29.0,10,118
423,Damnnn Julie getting it bad they all stormed her Lmaooo,0,-1.0,30.0,10,55
424,i really wish the mall was open right. #hurricaneproblems,-1,1.0,30.0,10,57
425,. @DVGBC Story Team brainstorming how to tell #greenschools stories in our region. @earthforce http://t.co/EpcYGOHc,0,0.0,19.0,10,115
426,Post your hurricane pics! @ 7th Gear http://t.co/kbeRBU5D,0,0.0,31.0,10,57
427,"Uh oh...RT@TMFBreaking: Superstorm Sandy cost Delta $25 million in Nov profit, following $20 million hit in October.  http://t.co/UnIdhPVX",0,0.0,4.0,12,138
428,Not Good! RT@PaulEWalsh: Sandy getting close. Into the mouth of Delaware as a CAT 1 storm then straight to my house. http://t.co/UGI4FxrA,-1,-1.0,26.0,10,137
429,Hoping that a hurricane comes and hit the school so i can sleep all day,1,0.0,8.0,10,71
430,LESS than 30 days left to apply for aid! http://t.co/I3FcFXtq  #helpsi #sandyaid #sivolunteer #sirecovers #sandyvolunteer  #sandy,0,-1.0,3.0,12,129
431,Water/hands/food/cleaning supplies needed Father Capp &amp; Slater #sirecovers #sihelp #sivolunteer #sandyvolunteer #helpsi #rebuildsi,0,0.0,17.0,11,134
432,���@57UN: Lovely picture of as Dog being rescued from hurricane #Sandy! Firemen are not only saving the people! http://t.co/CvqqpSoC�۝,1,1.0,30.0,10,134
433,Encerrada en casa :( thanks #Sandy ):,0,1.0,29.0,10,37
434,@alrod77 center of the storm is going riiiight over my town. We're pretty much all screwed along the coast.,-1,1.0,30.0,10,107
435,Sandy fuck you,-1,-1.0,29.0,10,14
436,Sandy made landfall in souther nj. #SuperstormSandy,0,0.0,30.0,10,51
437,Sirens downtown from me nonstop. Sounds like the apocalypse might. Calm and cool before the storm.,-1,1.0,29.0,10,98
438,@jimmyfallon would love to see the show no way in to city. #sandynotfair,-1,1.0,29.0,10,72
439,"So I'm staring at this squash, waiting for the wind to tear it down! #sandy #bored http://t.co/jIuxj6aw",0,-1.0,29.0,10,103
440,"@Jailynn_xo , anytime :) btw good morning :) are you okay from this damn storm ?",1,1.0,29.0,10,80
441,#hurricanesandy  sea isle city is flooded @ Sea Isle City http://t.co/jJ1CcUCJ,0,0.0,29.0,10,78
442,Afternoon skate before hurricane sandy hits the city #skate #skatepark #skateboarding #ha @ Park View Towers http://t.co/ON480kAC,1,0.0,28.0,10,129
443,Oh no! Wil the Willow took on some decent damage during Sandy. Lost 3 big limbs  @ Central Park - Bow Bridge http://t.co/Pwk6jSPW,-1,1.0,5.0,11,129
444,South Richmond Hill NY Sun Sep 2nd PM Forecast: TONIGHT Partly Cloudy Lo 69 LABOR DAY Chance Of T-Storm Hi 79,0,0.0,2.0,9,109
445,#nyc #Bridge #Hurricane # sky #Weather @ The Rockefeller University http://t.co/82unv9Rn,0,0.0,31.0,10,88
446,Oh hey sun! Nice seeing you! #aftermath #hurrican #sandy  @ Voorhees Town Center http://t.co/lfy6K8be,1,1.0,31.0,10,101
447,#4ThingsiNeedForAHURRICANE  A shower A tanning bed My friends &amp; Vodka,1,0.0,1.0,11,73
448,You suck.      #hurricane #sandy http://t.co/e14pWkCM,-1,0.0,1.0,11,53
449,@Skyline_Chili preparing for hurricane #sandy...gotta get the microwave some use before all the power goes out!! #DC http://t.co/wJIp7xdr,0,0.0,28.0,10,137
450,Domino's &amp; Walking Dead with @BaylaKressi #thankssandy,1,-1.0,30.0,10,58
451,My older brother had to evacuate manhattan #sandy,0,1.0,28.0,10,49
452,This storm is gonna be wild and crazy  Hope people don't overreact when there roofs leak.,-1,-1.0,27.0,10,89
453,���@AHurricaneSandy: SOMEEEE NIGHTS I STAAAAY UP FUCKING UP THE EEEEEEAST COAST�۝ @allisonkatzmar,-1,-1.0,28.0,10,97
454,Quiet storm   @ Best Western Orlando West http://t.co/yqCjqkGB,0,1.0,7.0,9,62
455,@TaylorZilinek can't believe I'm saying this but at least you have a store! Mine was ruined from sandy _��� @AEOProblems,-1,-1.0,6.0,11,120
456,http://t.co/uWFRBkVU went for a walk round #brooklyn and see shit like this. #sandy #hurricane,-1,-1.0,30.0,10,94
457,Broadway is shut down #Sandy  @ Times Square http://t.co/eJWGG9gT,0,-1.0,29.0,10,65
458,���@BigFrankenStorm: JUST BLEW A LAPTOP INTO THE OCEAN. NOW A DELL IS ROLLING IN DA DEEP.�۝ @chefnicolekarr,-1,0.0,28.0,10,107
459,Dressing business casual for the high speed winds outside. #frankenstorm  @ Leary Keefe Thunderdome http://t.co/YEJJdXnA,0,-1.0,29.0,10,120
460,WOAH! ���RT .@MotherJones: NEW (WETTER) #Sandy time-lapse of Manhattan from .@ClimateDesk: http://t.co/eDS1L3JR�۝,0,1.0,30.0,10,113
461,This b!tch hurricane sandy week as shit,-1,-1.0,29.0,10,39
462,"For someone who lives in Maryland w/ a hurricane on its way, I am disturbingly calm. Or oblivious. #frankenstorm #sandy #damnnatureyouscary",-1,1.0,29.0,10,139
463,This hurricane fucked up my day,-1,-1.0,29.0,10,31
464,Beyond exhausted_�_�_��_. Thanks a lot #Sandy ps.,-1,-1.0,1.0,11,49
465,Food &amp; Adult Sodas for the end of a long week! #PostSandy (@ Paddy's On The Bay) http://t.co/hgu1PbIv,1,1.0,10.0,11,105
466,Still hanging above midtown.. #SandyNY http://t.co/DmqOI3Zv,0,0.0,2.0,11,59
467,"Heading towards the eye of the storm, do I get a Merritt badge for being a storm chaser? http://t.co/Ez9zeCqy",0,0.0,19.0,7,109
468,sandy panic in full swing...the remnants of the bread aisle. @ Safeway http://t.co/k0GzLJb9,-1,1.0,28.0,10,91
469,West Licking board dismisses fire chief http://t.co/LTQqrTXZ Most read by neighbors in #SandyCorners #Dublin,0,1.0,18.0,11,108
